"","nflId","height","weight","birthDate","collegeName","officialPosition","displayName","side_of_the_ball","elo","name","snaps"
"1",29550,"6-4",328,"1982-01-22","Arkansas","T","Jason Peters","Blocker",1049,"Jason Peters",224
"2",30869,"6-7",330,"1981-12-12","Louisiana State","T","Andrew Whitworth","Blocker",1045,"Andrew Whitworth",217
"3",33107,"6-4",315,"1985-08-30","Virginia Tech","T","Duane Brown","Blocker",1013,"Duane Brown",233
"4",33131,"6-8",300,"1986-09-01","Miami","DE","Calais Campbell","Rusher",1043,"Calais Campbell",193
"5",34457,"6-4",330,"1987-01-25","Alabama","T","Andre Smith","Blocker",1026,"Andre Smith",19
"6",34472,"6-4",311,"1985-11-19","California","C","Alex Mack","Blocker",1052,"Alex Mack",218
"7",34777,"6-3",310,"1986-01-03","Troy","NT","Steve McLendon","Rusher",979,"Steve McLendon",54
"8",35441,"6-4",313,"1987-01-06","Nebraska","DE","Ndamukong Suh","Rusher",924,"Ndamukong Suh",217
"9",35442,"6-4",300,"1988-02-25","Oklahoma","DT","Gerald McCoy","Rusher",995,"Gerald McCoy",5
"10",35443,"6-5",320,"1988-07-19","Oklahoma","T","Trent Williams","Blocker",1059,"Trent Williams",175
"11",35449,"6-3",304,"1987-05-12","California","DE","Tyson Alualu","Rusher",980,"Tyson Alualu",36
"12",35452,"6-2",265,"1988-04-03","Michigan","DE","Brandon Graham","Rusher",1006,"Brandon Graham",29
"13",35454,"6-5",275,"1989-01-01","South Florida","DE","Jason Pierre-Paul","Rusher",955,"Jason Pierre-Paul",209
"14",35462,"6-5",314,"1989-03-21","Iowa","T","Bryan Bulaga","Blocker",981,"Bryan Bulaga",27
"15",35470,"6-2",254,"1988-08-13","Texas Christian","DE","Jerry Hughes","Rusher",1024,"Jerry Hughes",141
"16",35472,"6-5",325,"1988-06-06","Indiana","G","Rodger Saffold","Blocker",1001,"Rodger Saffold",208
"17",35485,"6-4",329,"1988-10-10","East Carolina","NT","Linval Joseph","Rusher",1120,"Linval Joseph",117
"18",35493,"6-6",285,"1989-02-28","Florida","OLB","Carlos Dunlap","Rusher",960,"Carlos Dunlap",170
"19",35522,"6-3",335,"1988-06-08","Kentucky","DT","Corey Peters","Rusher",1001,"Corey Peters",39
"20",35539,"6-3",273,"1987-12-22","Southern California","DE","Everson Griffen","Rusher",1150,"Everson Griffen",173
"21",35562,"6-4",330,"1987-03-25","Louisiana State","DT","Al Woods","Rusher",1016,"Al Woods",130
"22",36785,"6-8",330,"1985-10-27","Texas State","T","Ty Nsekhe","Blocker",969,"Ty Nsekhe",38
"23",37075,"6-3",250,"1989-03-26","Texas A&amp;M","OLB","Von Miller","Rusher",997,"Von Miller",174
"24",37082,"6-5",320,"1990-12-12","Southern California","T","Tyron Smith","Blocker",1088,"Tyron Smith",223
"25",37084,"6-5",288,"1989-03-22","Wisconsin","DE","J.J. Watt","Rusher",995,"J.J. Watt",192
"26",37087,"6-4",257,"1990-05-18","North Carolina","OLB","Robert Quinn","Rusher",1009,"Robert Quinn",164
"27",37089,"6-4",265,"1988-08-16","Purdue","DE","Ryan Kerrigan","Rusher",1001,"Ryan Kerrigan",90
"28",37090,"6-8",325,"1988-04-12","Colorado","T","Nate Solder","Blocker",960,"Nate Solder",279
"29",37097,"6-4",287,"1989-07-10","California","DE","Cameron Jordan","Rusher",1043,"Cameron Jordan",227
"30",37104,"6-5",295,"1989-05-06","Ohio State","DT","Cameron Heyward","Rusher",1038,"Cameron Heyward",199
"31",37112,"6-3",268,"1989-05-10","Pittsburgh","DE","Jabaal Sheard","Rusher",993,"Jabaal Sheard",6
"32",37130,"6-2",315,"1989-07-12","Florida State","C","Rodney Hudson","Blocker",1042,"Rodney Hudson",143
"33",37145,"6-3",270,"1989-01-21","Georgia","OLB","Justin Houston","Rusher",985,"Justin Houston",151
"34",37174,"6-4",246,"1989-07-23","Mississippi State","OLB","K.J. Wright","Rusher",1000,"K.J. Wright",62
"35",37213,"6-6",335,"1988-05-06","Texas Christian","T","Marcus Cannon","Blocker",1055,"Marcus Cannon",106
"36",37240,"6-3",265,"1988-12-17","Mississippi State","OLB","Pernell McPhee","Rusher",1056,"Pernell McPhee",90
"37",37266,"6-3",295,"1987-11-05","Cincinnati","C","Jason Kelce","Blocker",1083,"Jason Kelce",255
"38",37308,"6-4",315,"1990-03-17","Arizona State","DT","Lawrence Guy","Rusher",958,"Lawrence Guy",85
"39",37317,"6-0",225,"1989-07-05","Southern California","MLB","Malcolm Smith","Rusher",1022,"Malcolm Smith",121
"40",37778,"6-1",235,"1989-08-24","Auburn","ILB","Josh Bynes","Rusher",996,"Josh Bynes",56
"41",37792,"6-1",250,"1989-05-12","Central Michigan","LB","Nick Bellore","Rusher",1000,"Nick Bellore",3
"42",37841,"6-3",260,"1987-09-06","Troy","DE","Mario Addison","Rusher",976,"Mario Addison",119
"43",38542,"6-4",310,"1990-12-13","Mississippi State","DT","Fletcher Cox","Rusher",1040,"Fletcher Cox",178
"44",38544,"6-5",305,"1990-12-21","Louisiana State","DE","Michael Brockers","Rusher",1027,"Michael Brockers",134
"45",38548,"6-2",247,"1989-04-26","South Carolina","OLB","Melvin Ingram","Rusher",1010,"Melvin Ingram",141
"46",38551,"6-5",265,"1990-02-27","Syracuse","OLB","Chandler Jones","Rusher",1055,"Chandler Jones",173
"47",38553,"6-6",305,"1988-12-01","Iowa","T","Riley Reiff","Blocker",981,"Riley Reiff",257
"48",38555,"6-3",260,"1990-03-12","Alabama","OLB","Dont'a Hightower","Rusher",1049,"Dont'a Hightower",151
"49",38556,"6-4",258,"1990-07-21","Illinois","DE","Whitney Mercilus","Rusher",1072,"Whitney Mercilus",132
"50",38557,"6-4",315,"1990-03-08","Wisconsin","G","Kevin Zeitler","Blocker",1084,"Kevin Zeitler",257
"51",38577,"6-0",242,"1990-06-27","Utah State","MLB","Bobby Wagner","Rusher",1006,"Bobby Wagner",306
"52",38588,"6-1",233,"1990-01-23","Nebraska","ILB","Lavonte David","Rusher",991,"Lavonte David",234
"53",38606,"6-5",335,"1989-08-19","Miami, O.","G","Brandon Brooks","Blocker",1040,"Brandon Brooks",39
"54",38607,"6-2",248,"1989-01-11","Arkansas State","ILB","Demario Davis","Rusher",983,"Demario Davis",266
"55",38619,"6-4",352,"1989-11-16","Regina, Can.","DT","Akiem Hicks","Rusher",1050,"Akiem Hicks",98
"56",38629,"6-3",308,"1989-07-02","Georgia","C","Ben Jones","Blocker",1001,"Ben Jones",272
"57",38642,"6-6",325,"1989-08-01","Mississippi","T","Bobby Massie","Blocker",1030,"Bobby Massie",292
"58",38667,"6-5",290,"1990-01-11","Tennessee","DT","Malik Jackson","Rusher",1010,"Malik Jackson",194
"59",38681,"6-3",300,"1990-05-10","Washington","G","Senio Kelemete","Blocker",1000,"Senio Kelemete",2
"60",38718,"6-0",239,"1990-03-24","Kentucky","ILB","Danny Trevathan","Rusher",1000,"Danny Trevathan",24
"61",38779,"6-3",308,"1989-06-08","Southern Methodist","T","Kelvin Beachum","Blocker",1010,"Kelvin Beachum",142
"62",39008,"6-1",230,"1990-09-02","Wagner","OLB","Julian Stanford","Rusher",994,"Julian Stanford",27
"63",39146,"6-5",310,"1989-04-11","Oregon State","T","Mike Remmers","Blocker",994,"Mike Remmers",109
"64",39684,"6-3",305,"1990-02-26","Pennsylvania","G","Greg Van Roten","Blocker",1037,"Greg Van Roten",271
"65",39947,"6-7",315,"1991-01-05","Central Michigan","T","Eric Fisher","Blocker",1020,"Eric Fisher",209
"66",39950,"6-6",317,"1990-05-08","Oklahoma","T","Lane Johnson","Blocker",1029,"Lane Johnson",132
"67",39959,"6-3",294,"1990-11-29","Missouri","DT","Sheldon Richardson","Rusher",1070,"Sheldon Richardson",128
"68",39960,"6-2",318,"1989-12-20","Utah","DT","Star Lotulelei","Rusher",1013,"Star Lotulelei",109
"69",39965,"6-5",311,"1990-08-15","Syracuse","G","Justin Pugh","Blocker",1119,"Justin Pugh",218
"70",39976,"6-2",235,"1991-09-25","Georgia","ILB","Alec Ogletree","Rusher",996,"Alec Ogletree",148
"71",39993,"6-0",246,"1990-12-03","Louisiana State","ILB","Kevin Minter","Rusher",993,"Kevin Minter",75
"72",39997,"6-3",340,"1992-03-30","Ohio State","NT","Johnathan Hankins","Rusher",1003,"Johnathan Hankins",120
"73",39998,"6-1",245,"1991-05-05","Florida","OLB","Jon Bostic","Rusher",986,"Jon Bostic",102
"74",40000,"6-3",255,"1989-10-20","Southern Mississippi","OLB","Jamie Collins","Rusher",1027,"Jamie Collins",62
"75",40001,"6-8",295,"1987-07-14","Southern Methodist","DT","Margus Hunt","Rusher",993,"Margus Hunt",5
"76",40020,"6-4",320,"1991-07-10","Kent State","G","Brian Winters","Blocker",1010,"Brian Winters",7
"77",40023,"6-5",304,"1991-07-23","Arkansas-Pine Bluff","T","Terron Armstead","Blocker",1074,"Terron Armstead",127
"78",40030,"6-3",327,"1989-07-11","Georgia","NT","John Jenkins","Rusher",964,"John Jenkins",57
"79",40042,"6-1",336,"1989-02-21","Missouri Southern","NT","Brandon Williams","Rusher",917,"Brandon Williams",94
"80",40051,"6-4",260,"1991-02-08","Texas","DE","Alex Okafor","Rusher",961,"Alex Okafor",134
"81",40070,"6-4",307,"1991-02-12","Cornell","C","J.C. Tretter","Blocker",1003,"J.C. Tretter",249
"82",40074,"6-6",281,"1991-07-31","Michigan State","DE","William Gholston","Rusher",974,"William Gholston",126
"83",40077,"6-2",260,"1990-10-14","Ohio State","DE","John Simon","Rusher",983,"John Simon",11
"84",40089,"6-5",315,"1991-06-05","Virginia","G","Oday Aboushi","Blocker",930,"Oday Aboushi",167
"85",40095,"6-3",263,"1990-09-16","Buffalo","OLB","Steven Means","Rusher",956,"Steven Means",181
"86",40096,"6-1",240,"1991-07-30","Iowa State","OLB","A.J. Klein","Rusher",996,"A.J. Klein",62
"87",40124,"6-5",310,"1990-08-24","San Jose State","G","David Quessenberry","Blocker",943,"David Quessenberry",276
"88",40151,"6-4",319,"1991-05-27","Colorado State-Pueblo","C","Ryan Jensen","Blocker",1049,"Ryan Jensen",308
"89",40171,"6-4",309,"1990-02-21","Samford","DE","Nicholas Williams","Rusher",958,"Nicholas Williams",135
"90",40253,"6-3",249,"1990-08-26","Florida","DE","Lerentee McCray","Rusher",997,"Lerentee McCray",11
"91",40347,"6-3",328,"1991-04-20","Wyoming","NT","Mike Purcell","Rusher",1006,"Mike Purcell",67
"92",40416,"6-4",295,"1991-04-23","Alabama-Birmingham","T","Christopher Hubbard","Blocker",967,"Christopher Hubbard",18
"93",40463,"6-3",263,"1991-07-02","Pennsylvania","OLB","Brandon Copeland","Rusher",1010,"Brandon Copeland",23
"94",40608,"6-2",293,"1989-02-06","Alabama","NT","Damion Square","Rusher",940,"Damion Square",49
"95",40825,"6-3",265,"1991-08-03","Idaho","OLB","Benson Mayowa","Rusher",974,"Benson Mayowa",111
"96",41069,"6-2",300,"1989-06-05","Iowa","C","James Ferentz","Blocker",1005,"James Ferentz",55
"97",41222,"6-9",320,"1988-09-22","Army","T","Alejandro Villanueva","Blocker",1011,"Alejandro Villanueva",252
"98",41227,"6-5",255,"1993-02-14","South Carolina","DE","Jadeveon Clowney","Rusher",1006,"Jadeveon Clowney",174
"99",41231,"6-3",269,"1991-02-22","Buffalo","OLB","Khalil Mack","Rusher",1033,"Khalil Mack",152
"100",41232,"6-5",309,"1992-02-11","Texas A&amp;M","T","Jake Matthews","Blocker",1023,"Jake Matthews",289
"101",41235,"6-5",255,"1992-03-18","UCLA","OLB","Anthony Barr","Rusher",976,"Anthony Barr",128
"102",41237,"6-7",309,"1991-07-22","Michigan","T","Taylor Lewan","Blocker",1077,"Taylor Lewan",182
"103",41239,"6-1",280,"1991-05-23","Pittsburgh","DT","Aaron Donald","Rusher",1168,"Aaron Donald",260
"104",41242,"6-4",315,"1990-11-20","Notre Dame","G","Zack Martin","Blocker",938,"Zack Martin",208
"105",41243,"6-2",250,"1992-06-19","Alabama","ILB","C.J. Mosley","Rusher",1025,"C.J. Mosley",213
"106",41249,"6-2",252,"1991-03-19","Auburn","DE","Dee Ford","Rusher",982,"Dee Ford",87
"107",41262,"6-4",310,"1991-01-01","UCLA","G","Xavier Su'a-Filo","Blocker",948,"Xavier Su'a-Filo",59
"108",41263,"6-3",265,"1992-04-28","Boise State","DE","Demarcus Lawrence","Rusher",1027,"Demarcus Lawrence",29
"109",41264,"6-4",320,"1991-10-11","Nevada","G","Joel Bitonio","Blocker",1108,"Joel Bitonio",249
"110",41269,"6-3",250,"1991-03-26","Brigham Young","OLB","Kyle Van Noy","Rusher",928,"Kyle Van Noy",211
"111",41279,"6-3",252,"1993-01-17","Georgia Tech","OLB","Jeremiah Attaochu","Rusher",980,"Jeremiah Attaochu",63
"112",41293,"6-6",315,"1991-05-29","Missouri","C","Justin Britt","Blocker",991,"Justin Britt",175
"113",41295,"6-6",330,"1991-03-03","Virginia","T","Morgan Moses","Blocker",978,"Morgan Moses",244
"114",41296,"6-5",310,"1991-10-17","North Dakota State","T","Billy Turner","Blocker",1024,"Billy Turner",226
"115",41300,"6-2",235,"1992-08-31","Iowa","OLB","Christian Kirksey","Rusher",984,"Christian Kirksey",228
"116",41310,"6-3",336,"1991-07-12","Mississippi State","G","Gabe Jackson","Blocker",1081,"Gabe Jackson",233
"117",41321,"6-3",315,"1993-06-14","Louisiana State","G","Trai Turner","Blocker",1013,"Trai Turner",231
"118",41322,"6-6",315,"1992-01-25","Miami","G","Brandon Linder","Blocker",1008,"Brandon Linder",163
"119",41324,"6-6",301,"1990-11-15","Michigan","G","Michael Schofield","Blocker",1012,"Michael Schofield",109
"120",41336,"6-2",350,"1990-12-27","Louisiana Tech","DT","Justin Ellis","Rusher",979,"Justin Ellis",67
"121",41341,"6-4",322,"1991-12-27","Penn State","DT","DaQuan Jones","Rusher",934,"DaQuan Jones",135
"122",41348,"6-0",235,"1992-06-10","Iowa","ILB","Anthony Hitchens","Rusher",993,"Anthony Hitchens",117
"123",41361,"6-0",230,"1991-10-07","Boston College","OLB","Kevin Pierre-Louis","Rusher",1000,"Kevin Pierre-Louis",1
"124",41363,"6-7",300,"1991-05-05","Virginia","DE","Brent Urban","Rusher",1012,"Brent Urban",80
"125",41387,"6-2",292,"1991-11-23","Princeton","DT","Caraun Reid","Rusher",1019,"Caraun Reid",6
"126",41390,"6-3",301,"1991-07-27","Ohio State","C","Corey Linsley","Blocker",1065,"Corey Linsley",274
"127",41403,"6-3",256,"1991-06-24","Southern California","OLB","Devon Kennard","Rusher",1002,"Devon Kennard",57
"128",41436,"6-3",300,"1989-10-12","Boise State","C","Matt Paradis","Blocker",1094,"Matt Paradis",294
"129",41449,"6-5",310,"1991-02-25","Connecticut","DE","Shamar Stephen","Rusher",1009,"Shamar Stephen",72
"130",41464,"6-2",290,"1991-08-11","Illinois State","DE","Shelby Harris","Rusher",908,"Shelby Harris",160
"131",41475,"6-3",305,"1991-10-09","Boise State","T","Charles Leno","Blocker",1068,"Charles Leno",298
"132",41532,"6-5",310,"1991-12-17","North Carolina","T","James Hurst","Blocker",1127,"James Hurst",126
"133",41563,"6-8",328,"1991-07-18","Kansas State","T","Cornelius Lucas","Blocker",1043,"Cornelius Lucas",112
"134",41595,"6-4",332,"1991-05-09","Colorado State-Pueblo","NT","Mike Pennel","Rusher",987,"Mike Pennel",7
"135",41599,"6-1",232,"1991-05-06","South Carolina State","ILB","Joe Thomas","Rusher",1000,"Joe Thomas",22
"136",41619,"6-3",316,"1992-07-06","Texas","C","Trey Hopkins","Blocker",962,"Trey Hopkins",255
"137",41630,"6-3",317,"1992-05-31","Central Florida","C","Justin McCray","Blocker",981,"Justin McCray",97
"138",41665,"6-3",310,"1991-05-05","Clemson","G","Tyler Shatley","Blocker",1015,"Tyler Shatley",101
"139",41667,"6-6",306,"1991-02-14","James Madison","T","Josh Wells","Blocker",986,"Josh Wells",15
"140",41707,"6-4",325,"1991-07-08","Utah State","C","Tyler Larsen","Blocker",1025,"Tyler Larsen",27
"141",41722,"6-6",290,"1991-02-17","Stanford","DE","Josh Mauro","Rusher",968,"Josh Mauro",16
"142",41786,"6-2",270,"1991-05-02","Texas Tech","DE","Kerry Hyder","Rusher",987,"Kerry Hyder",172
"143",41915,"6-2",250,"1992-11-17","Colorado State","OLB","Shaquil Barrett","Rusher",968,"Shaquil Barrett",261
"144",41919,"6-2",334,"1990-08-29","Delaware","DT","Zach Kerr","Rusher",978,"Zach Kerr",18
"145",41939,"6-6",325,"1991-10-25","Ohio State","G","Andrew Norwell","Blocker",1028,"Andrew Norwell",262
"146",41947,"6-3",250,"1991-02-18","Florida State","ILB","Christian Jones","Rusher",996,"Christian Jones",6
"147",41959,"6-6",330,"1992-07-07","Bloomsburg","G","Matt Feiler","Blocker",1003,"Matt Feiler",274
"148",42031,"6-5",285,"1990-07-15","Mississippi State","DE","Denico Autry","Rusher",970,"Denico Autry",215
"149",42331,"6-6",265,"1992-04-13","No College","DE","Efe Obada","Rusher",946,"Efe Obada",45
"150",42346,"6-3",255,"1994-08-03","Florida","OLB","Dante Fowler","Rusher",982,"Dante Fowler",117
"151",42348,"6-5",315,"1991-12-26","Iowa","G","Brandon Scherff","Blocker",1045,"Brandon Scherff",113
"152",42349,"6-5",302,"1994-06-20","Southern California","DT","Leonard Williams","Rusher",966,"Leonard Williams",245
"153",42352,"6-6",329,"1994-04-25","Miami","G","Ereck Flowers","Blocker",1095,"Ereck Flowers",296
"154",42355,"6-2",345,"1993-08-20","Washington","NT","Danny Shelton","Rusher",942,"Danny Shelton",52
"155",42356,"6-7",316,"1993-11-04","Stanford","G","Andrus Peat","Blocker",937,"Andrus Peat",127
"156",42360,"6-7",292,"1993-11-15","Oregon","DE","Arik Armstead","Rusher",1035,"Arik Armstead",173
"157",42362,"6-5",313,"1992-08-23","Florida State","T","Cameron Erving","Blocker",966,"Cameron Erving",216
"158",42364,"6-5",310,"1992-04-25","Texas A&amp;M","T","Cedric Ogbuehi","Blocker",995,"Cedric Ogbuehi",21
"159",42365,"6-4",269,"1993-02-12","Kentucky","OLB","Bud Dupree","Rusher",995,"Bud Dupree",139
"160",42367,"6-5",307,"1993-12-28","Florida","T","D.J. Humphries","Blocker",940,"D.J. Humphries",235
"161",42368,"6-0",230,"1994-04-21","Washington","OLB","Shaq Thompson","Rusher",967,"Shaq Thompson",148
"162",42371,"6-3",312,"1992-02-09","Duke","G","Laken Tomlinson","Blocker",1024,"Laken Tomlinson",219
"163",42375,"6-2",320,"1994-02-02","Texas","DT","Malcom Brown","Rusher",969,"Malcom Brown",116
"164",42377,"6-6",338,"1993-06-23","Penn State","T","Donovan Smith","Blocker",1079,"Donovan Smith",306
"165",42378,"6-3",280,"1994-01-25","Florida State","DT","Mario Edwards","Rusher",926,"Mario Edwards",63
"166",42381,"6-5",265,"1992-11-17","Mississippi State","OLB","Preston Smith","Rusher",915,"Preston Smith",153
"167",42382,"6-3",320,"1994-01-06","Florida State","NT","Eddie Goldman","Rusher",944,"Eddie Goldman",57
"168",42386,"6-4",257,"1992-11-19","Mississippi State","ILB","Benardrick McKinney","Rusher",998,"Benardrick McKinney",15
"169",42388,"6-0",232,"1992-02-29","UCLA","ILB","Eric Kendricks","Rusher",1002,"Eric Kendricks",254
"170",42391,"5-11",240,"1992-12-05","Miami","ILB","Denzel Perryman","Rusher",995,"Denzel Perryman",212
"171",42392,"6-6",305,"1992-04-21","Missouri","C","Mitch Morse","Blocker",1096,"Mitch Morse",251
"172",42395,"6-6",341,"1992-09-21","Oklahoma","DE","Jordan Phillips","Rusher",1001,"Jordan Phillips",41
"173",42400,"6-8",328,"1992-05-13","Wisconsin","T","Rob Havenstein","Blocker",968,"Rob Havenstein",249
"174",42401,"6-3",260,"1991-03-13","Missouri","OLB","Markus Golden","Rusher",951,"Markus Golden",195
"175",42402,"6-5",315,"1992-03-10","Colorado State","T","Ty Sambrailo","Blocker",916,"Ty Sambrailo",67
"176",42403,"6-5",255,"1992-11-23","Nebraska","DE","Randy Gregory","Rusher",1044,"Randy Gregory",151
"177",42404,"6-4",307,"1993-04-17","Hobart","G","Ali Marpet","Blocker",1085,"Ali Marpet",306
"178",42406,"6-3",260,"1993-06-14","Michigan","DE","Frank Clark","Rusher",977,"Frank Clark",121
"179",42410,"6-3",325,"1991-10-03","South Carolina","G","A.J. Cann","Blocker",1054,"A.J. Cann",109
"180",42424,"6-3",315,"1993-08-12","Louisville","G","John Miller","Blocker",1019,"John Miller",221
"181",42427,"6-1",236,"1992-06-27","Texas","ILB","Jordan Hicks","Rusher",995,"Jordan Hicks",249
"182",42431,"6-5",252,"1994-10-29","Louisiana State","DE","Danielle Hunter","Rusher",1081,"Danielle Hunter",202
"183",42433,"6-5",320,"1992-03-02","Iowa","NT","Carl Davis","Rusher",1015,"Carl Davis",52
"184",42436,"6-6",301,"1991-08-03","Stanford","DE","Henry Anderson","Rusher",981,"Henry Anderson",13
"185",42443,"6-4",318,"1992-11-14","Auburn","DT","Angelo Blackson","Rusher",1003,"Angelo Blackson",113
"186",42444,"6-2",265,"1993-08-16","Arkansas","OLB","Trey Flowers","Rusher",1080,"Trey Flowers",120
"187",42445,"6-6",330,"1992-08-31","Oklahoma","T","Daryl Williams","Blocker",1074,"Daryl Williams",251
"188",42465,"6-4",272,"1992-09-08","Kentucky","OLB","Za'Darius Smith","Rusher",1052,"Za'Darius Smith",7
"189",42467,"6-1",227,"1994-08-03","Louisiana State","OLB","Kwon Alexander","Rusher",976,"Kwon Alexander",52
"190",42470,"6-0",243,"1993-05-28","Minnesota","OLB","Damien Wilson","Rusher",994,"Damien Wilson",168
"191",42471,"6-4",323,"1992-02-10","Miami","G","Jon Feliciano","Blocker",943,"Jon Feliciano",229
"192",42474,"6-1",310,"1993-08-28","Georgia Tech","G","Shaquille Mason","Blocker",1025,"Shaquille Mason",231
"193",42476,"6-4",309,"1991-11-09","Florida","C","Max Garcia","Blocker",1057,"Max Garcia",116
"194",42477,"6-4",310,"1992-05-03","West Virginia","G","Mark Glowinski","Blocker",1087,"Mark Glowinski",195
"195",42480,"6-0",305,"1993-04-28","Clemson","DT","Grady Jarrett","Rusher",1050,"Grady Jarrett",186
"196",42497,"6-2",309,"1992-09-03","Fresno State","DT","Tyeler Davison","Rusher",959,"Tyeler Davison",86
"197",42512,"6-2",245,"1993-08-08","Texas State","OLB","David Mayo","Rusher",1000,"David Mayo",3
"198",42535,"6-1",300,"01/22/1994","Arkansas","DT","Darius Philon","Rusher",1006,"Darius Philon",75
"199",42553,"6-1",298,"03/10/1992","Louisiana-Lafayette","DT","Christian Ringo","Rusher",992,"Christian Ringo",69
"200",42559,"6-2",305,"1993-10-16","Rice","NT","Christian Covington","Rusher",1001,"Christian Covington",124
"201",42560,"6-2",307,"1993-07-03","Southern Mississippi","DT","Rakeem Nunez-Roches","Rusher",1039,"Rakeem Nunez-Roches",105
"202",42565,"6-3",300,"1991-11-27","South Florida","C","Austin Reiter","Blocker",1009,"Austin Reiter",77
"203",42569,"6-5",310,"1994-08-21","Florida State","T","Bobby Hart","Blocker",1000,"Bobby Hart",18
"204",42587,"6-8",380,"1993-04-13","Florida","T","Trenton Brown","Blocker",1003,"Trenton Brown",2
"205",42598,"6-5",340,"1991-03-08","Mars Hill","G","Denzelle Good","Blocker",959,"Denzelle Good",10
"206",42654,"6-4",320,"1993-07-26","Louisiana State","T","La'el Collins","Blocker",997,"La'el Collins",54
"207",42667,"6-2",315,"1993-07-27","Louisiana-Lafayette","DT","Justin Hamilton","Rusher",1053,"Justin Hamilton",46
"208",42765,"6-4",320,"1992-07-22","Minn. State-Mankato","G","Chris Reed","Blocker",994,"Chris Reed",168
"209",42771,"6-2",234,"1993-04-06","Marshall","ILB","Neville Hewitt","Rusher",1000,"Neville Hewitt",2
"210",42810,"6-4",318,"1991-10-26","Kansas State","C","B.J. Finney","Blocker",990,"B.J. Finney",16
"211",42826,"6-1",292,"1992-12-29","Clemson","DT","DeShawn Williams","Rusher",953,"DeShawn Williams",87
"212",42869,"6-1",254,"1993-06-27","Stanford","OLB","James Vaughters","Rusher",980,"James Vaughters",12
"213",42883,"6-3",300,"1992-07-10","Georgia","C","David Andrews","Blocker",963,"David Andrews",286
"214",42887,"6-2",220,"1993-06-08","Auburn","OLB","Brandon King","Rusher",1000,"Brandon King",1
"215",42924,"6-6",325,"1991-09-15","Idaho","T","Jesse Davis","Blocker",945,"Jesse Davis",292
"216",42929,"6-2",242,"1993-12-07","Montana State","OLB","Alex Singleton","Rusher",997,"Alex Singleton",188
"217",42952,"6-5",310,"1992-06-05","Appalachian State","T","Kendall Lamm","Blocker",975,"Kendall Lamm",29
"218",42954,"6-4",310,"1992-04-23","Toledo","C","Greg Mancz","Blocker",984,"Greg Mancz",116
"219",43045,"6-4",330,"1991-08-07","West Virginia","G","Quinton Spain","Blocker",1010,"Quinton Spain",258
"220",43062,"6-1",240,"1991-08-15","Cal Poly","ILB","Nick Dzubnar","Rusher",994,"Nick Dzubnar",10
"221",43292,"6-5",280,"1995-07-11","Ohio State","OLB","Joey Bosa","Rusher",1026,"Joey Bosa",194
"222",43295,"6-6",315,"1994-03-18","Notre Dame","T","Ronnie Stanley","Blocker",942,"Ronnie Stanley",36
"223",43296,"6-7",300,"1994-03-17","Oregon","DT","DeForest Buckner","Rusher",1135,"DeForest Buckner",223
"224",43297,"6-6",308,"1994-08-17","Michigan State","T","Jack Conklin","Blocker",961,"Jack Conklin",153
"225",43298,"6-5",240,"1992-09-08","Georgia","OLB","Leonard Floyd","Rusher",1155,"Leonard Floyd",246
"226",43301,"6-2",305,"1994-04-02","Louisville","DT","Sheldon Rankins","Rusher",1083,"Sheldon Rankins",156
"227",43302,"6-5",313,"1994-08-02","Mississippi","T","Laremy Tunsil","Blocker",1014,"Laremy Tunsil",122
"228",43306,"6-1",216,"1995-07-26","Florida","MLB","Keanu Neal","Rusher",994,"Keanu Neal",114
"229",43307,"6-4",309,"1993-05-30","Alabama","C","Ryan Kelly","Blocker",1065,"Ryan Kelly",258
"230",43308,"6-3",267,"1994-06-17","Clemson","DE","Shaq Lawson","Rusher",947,"Shaq Lawson",129
"231",43316,"6-3",314,"1995-10-04","UCLA","NT","Kenny Clark","Rusher",1056,"Kenny Clark",238
"232",43318,"6-4",296,"09/19/1994","Mississippi","DT","Robert Nkemdiche","Rusher",1080,"Robert Nkemdiche",64
"233",43319,"6-4",330,"1994-06-14","Louisiana Tech","DT","Vernon Butler","Rusher",991,"Vernon Butler",61
"234",43320,"6-5",325,"1994-06-02","Texas A&amp;M","T","Germain Ifedi","Blocker",987,"Germain Ifedi",129
"235",43321,"6-4",275,"1993-11-06","Oklahoma State","DE","Emmanuel Ogbah","Rusher",934,"Emmanuel Ogbah",231
"236",43323,"6-2",245,"1995-06-14","Notre Dame","MLB","Jaylon Smith","Rusher",989,"Jaylon Smith",104
"237",43325,"6-1",244,"1995-09-03","UCLA","MLB","Myles Jack","Rusher",977,"Myles Jack",170
"238",43326,"6-6",308,"1994-07-03","Mississippi State","DT","Chris Jones","Rusher",963,"Chris Jones",152
"239",43330,"6-2",252,"1993-09-23","Alabama","ILB","Reggie Ragland","Rusher",989,"Reggie Ragland",117
"240",43332,"6-4",314,"1994-05-08","Penn State","NT","Austin Johnson","Rusher",977,"Austin Johnson",130
"241",43333,"6-5",287,"1994-05-11","Illinois","OLB","Jihad Ward","Rusher",978,"Jihad Ward",105
"242",43335,"6-4",330,"1995-03-21","Alabama","DT","A'Shawn Robinson","Rusher",966,"A'Shawn Robinson",65
"243",43337,"6-6",301,"1994-05-17","Indiana","T","Jason Spriggs","Blocker",1051,"Jason Spriggs",41
"244",43338,"6-3",306,"1992-12-16","Alabama","DT","Jarran Reed","Rusher",882,"Jarran Reed",173
"245",43341,"6-1",227,"1994-11-04","Louisiana State","ILB","Deion Jones","Rusher",978,"Deion Jones",228
"246",43345,"6-3",309,"1992-07-11","Kansas State","G","Cody Whitehair","Blocker",1057,"Cody Whitehair",248
"247",43352,"6-4",287,"1992-09-23","Georgia Tech","DE","Adam Gotsis","Rusher",925,"Adam Gotsis",90
"248",43354,"6-7",275,"1993-04-12","Penn State","DE","Carl Nassib","Rusher",990,"Carl Nassib",75
"249",43356,"6-2",308,"1995-04-08","Nebraska","DT","Maliek Collins","Rusher",1082,"Maliek Collins",141
"250",43358,"6-2",246,"1995-03-31","Maryland","DE","Yannick Ngakoue","Rusher",997,"Yannick Ngakoue",198
"251",43361,"6-3",296,"1993-10-22","Florida","DE","Jonathan Bullard","Rusher",930,"Jonathan Bullard",71
"252",43367,"6-5",308,"1992-11-18","North Carolina State","G","Joe Thuney","Blocker",1094,"Joe Thuney",339
"253",43368,"6-4",303,"1993-10-29","Oregon State","G","Isaac Seumalo","Blocker",1004,"Isaac Seumalo",81
"254",43372,"6-3",259,"1994-07-01","Georgia","DE","Jordan Jenkins","Rusher",1049,"Jordan Jenkins",66
"255",43376,"6-2",235,"1993-08-20","Utah State","OLB","Nick Vigil","Rusher",995,"Nick Vigil",153
"256",43377,"6-5",245,"1991-11-25","Utah State","OLB","Kyler Fackrell","Rusher",1086,"Kyler Fackrell",90
"257",43378,"6-2",305,"1993-02-07","South Carolina State","DT","Javon Hargrave","Rusher",1052,"Javon Hargrave",172
"258",43384,"6-6",310,"1992-08-19","Michigan","G","Graham Glasgow","Blocker",1070,"Graham Glasgow",206
"259",43388,"6-1",245,"1993-11-06","Wisconsin","ILB","Joe Schobert","Rusher",986,"Joe Schobert",197
"260",43392,"6-1",294,"1994-07-01","Notre Dame","DT","Sheldon Day","Rusher",995,"Sheldon Day",5
"261",43402,"6-2",242,"1993-05-26","West Virginia","ILB","Nick Kwiatkoski","Rusher",1000,"Nick Kwiatkoski",44
"262",43404,"6-4",232,"1993-07-01","Minnesota","ILB","De'Vondre Campbell","Rusher",980,"De'Vondre Campbell",275
"263",43405,"6-3",305,"1994-11-02","Texas","DT","Hassan Ridgeway","Rusher",971,"Hassan Ridgeway",82
"264",43409,"6-4",300,"1992-11-13","Manitoba, Can.","DT","David Onyemata","Rusher",981,"David Onyemata",14
"265",43411,"6-1",328,"1995-03-06","Baylor","DT","Andrew Billings","Rusher",966,"Andrew Billings",32
"266",43420,"6-2",237,"1994-01-09","Stanford","ILB","Blake Martinez","Rusher",993,"Blake Martinez",82
"267",43426,"6-6",296,"1994-06-09","Northwestern","DE","Dean Lowry","Rusher",871,"Dean Lowry",149
"268",43433,"6-4",306,"1993-04-27","Missouri","C","Connor McGovern","Blocker",1018,"Connor McGovern",271
"269",43435,"6-3",261,"1992-08-15","Grand Valley State","OLB","Matt Judon","Rusher",1000,"Matt Judon",240
"270",43436,"6-4",291,"1993-03-31","Maryland","DT","Quinton Jefferson","Rusher",1040,"Quinton Jefferson",163
"271",43441,"6-3",310,"1994-01-11","Temple","DT","Matt Ioannidis","Rusher",1172,"Matt Ioannidis",147
"272",43444,"6-6",298,"1993-03-11","North Dakota State","T","Joe Haeg","Blocker",971,"Joe Haeg",73
"273",43447,"6-5",324,"1992-02-06","South Carolina","T","Brandon Shell","Blocker",1042,"Brandon Shell",174
"274",43453,"6-6",320,"1993-06-16","Texas Christian","G","Halapoulivaati Vaitai","Blocker",932,"Halapoulivaati Vaitai",326
"275",43455,"6-3",347,"1994-07-01","Clemson","NT","D.J. Reader","Rusher",1083,"D.J. Reader",163
"276",43484,"6-5",314,"1993-09-11","San Jose State","G","Wes Schweitzer","Blocker",917,"Wes Schweitzer",184
"277",43497,"6-2",230,"1994-05-16","Eastern Illinois","ILB","Kamu Grugier-Hill","Rusher",990,"Kamu Grugier-Hill",139
"278",43503,"6-0",238,"1994-04-22","Houston","ILB","Elandon Roberts","Rusher",985,"Elandon Roberts",122
"279",43510,"6-4",305,"1993-03-15","Illinois","C","Ted Karras","Blocker",1041,"Ted Karras",144
"280",43516,"6-5",265,"1994-03-19","Vanderbilt","OLB","Stephen Weatherly","Rusher",1046,"Stephen Weatherly",45
"281",43535,"6-1",235,"1992-12-22","Temple","MLB","Tyler Matakevich","Rusher",1000,"Tyler Matakevich",8
"282",43540,"6-2",236,"1992-12-11","Oregon","ILB","Joe Walker","Rusher",996,"Joe Walker",9
"283",43586,"6-5",322,"1992-07-19","Western Kentucky","T","George Fant","Blocker",957,"George Fant",239
"284",43638,"6-3",292,"1992-10-23","Ferris State","DT","Justin Zimmer","Rusher",995,"Justin Zimmer",94
"285",43640,"6-6",313,"1992-01-12","Southern Mississippi","T","Rashod Hill","Blocker",1023,"Rashod Hill",164
"286",43648,"6-5",315,"1993-04-19","Cincinnati","T","Justin Murray","Blocker",1026,"Justin Murray",41
"287",43694,"6-0",340,"1992-11-06","Samford","NT","Michael Pierce","Rusher",983,"Michael Pierce",47
"288",43695,"6-3",313,"1993-02-17","Duke","C","Matt Skura","Blocker",1049,"Matt Skura",142
"289",43698,"6-3",315,"1992-12-20","Mississippi","DT","Woodrow Hamilton","Rusher",995,"Woodrow Hamilton",6
"290",43775,"6-4",263,"1995-06-17","Notre Dame","OLB","Romeo Okwara","Rusher",1041,"Romeo Okwara",86
"291",43787,"6-5",294,"1993-07-23","Texas-El Paso","DT","Roy Robertson-Harris","Rusher",955,"Roy Robertson-Harris",76
"292",43791,"6-3",275,"1994-09-12","Colorado State-Pueblo","DE","Morgan Fox","Rusher",1062,"Morgan Fox",150
"293",43797,"6-3",228,"1993-11-18","Washington","OLB","Cory Littleton","Rusher",996,"Cory Littleton",185
"294",43821,"6-4",299,"1992-09-10","UCLA","C","Jake Brendel","Blocker",1000,"Jake Brendel",1
"295",43854,"6-4",263,"1993-07-31","Stanford","OLB","Brennan Scarlett","Rusher",1027,"Brennan Scarlett",40
"296",43938,"6-1",318,"1993-01-03","Southern California","DT","Antwaun Woods","Rusher",1019,"Antwaun Woods",13
"297",44068,"6-3",313,"1993-07-30","Duke","G","Lucas Patrick","Blocker",996,"Lucas Patrick",139
"298",44174,"6-1",236,"1993-02-22","Texas Tech","ILB","Sam Eguavoen","Rusher",1013,"Sam Eguavoen",100
"299",44813,"6-4",272,"1995-12-29","Texas A&amp;M","DE","Myles Garrett","Rusher",1220,"Myles Garrett",211
"300",44815,"6-2",280,"1995-08-26","Stanford","DT","Solomon Thomas","Rusher",887,"Solomon Thomas",128
"301",44825,"6-1",235,"1994-09-22","Temple","OLB","Haason Reddick","Rusher",961,"Haason Reddick",226
"302",44826,"6-3",259,"1996-06-25","Tennessee","DE","Derek Barnett","Rusher",1012,"Derek Barnett",174
"303",44829,"6-3",300,"1995-01-16","Alabama","DT","Jonathan Allen","Rusher",1119,"Jonathan Allen",218
"304",44832,"6-5",300,"1992-05-27","Utah","T","Garett Bolles","Blocker",1070,"Garett Bolles",282
"305",44833,"6-1",245,"1994-11-16","Florida","MLB","Jarrad Davis","Rusher",998,"Jarrad Davis",23
"306",44834,"6-3",250,"1995-03-06","Missouri","OLB","Charles Harris","Rusher",1066,"Charles Harris",165
"307",44838,"6-2",265,"1995-11-02","UCLA","DE","Takkarist McKinley","Rusher",957,"Takkarist McKinley",129
"308",44840,"6-6",270,"1994-11-07","Michigan","DE","Taco Charlton","Rusher",1017,"Taco Charlton",7
"309",44842,"6-4",252,"1994-10-11","Wisconsin","OLB","T.J. Watt","Rusher",1101,"T.J. Watt",169
"310",44844,"6-6",314,"1994-04-22","Wisconsin","T","Ryan Ramczyk","Blocker",1053,"Ryan Ramczyk",203
"311",44846,"6-6",320,"1995-10-09","Alabama","T","Cam Robinson","Blocker",1072,"Cam Robinson",264
"312",44847,"6-6",299,"06/20/1996","Michigan State","DT","Malik McDowell","Rusher",1108,"Malik McDowell",160
"313",44859,"6-3",240,"1995-05-23","Houston","OLB","Tyus Bowser","Rusher",974,"Tyus Bowser",183
"314",44863,"6-4",280,"1994-09-30","Florida State","DE","DeMarcus Walker","Rusher",1032,"DeMarcus Walker",88
"315",44867,"6-3",318,"1994-02-28","Alabama","DT","Dalvin Tomlinson","Rusher",1010,"Dalvin Tomlinson",127
"316",44869,"6-3",238,"1994-12-02","Vanderbilt","ILB","Zach Cunningham","Rusher",995,"Zach Cunningham",120
"317",44870,"6-6",320,"1995-08-05","Louisiana State","C","Ethan Pocic","Blocker",1028,"Ethan Pocic",36
"318",44871,"6-7",289,"1994-06-14","Villanova","DE","Tanoh Kpassagnon","Rusher",899,"Tanoh Kpassagnon",112
"319",44875,"6-5",320,"1994-04-26","Temple","T","Dion Dawkins","Blocker",1084,"Dion Dawkins",252
"320",44876,"6-5",325,"1994-03-18","Western Michigan","T","Taylor Moton","Blocker",1027,"Taylor Moton",294
"321",44877,"6-3",305,"1994-06-03","North Carolina-Charlotte","DT","Larry Ogunjobi","Rusher",915,"Larry Ogunjobi",214
"322",44880,"6-3",264,"1995-03-02","Illinois","DE","Dawuane Smoot","Rusher",1064,"Dawuane Smoot",162
"323",44882,"6-3",303,"1994-07-06","Ohio State","C","Pat Elflein","Blocker",928,"Pat Elflein",41
"324",44885,"6-4",270,"1995-05-02","Kansas State","DE","Jordan Willis","Rusher",1019,"Jordan Willis",10
"325",44886,"6-5",300,"1993-08-25","Michigan","DE","Chris Wormley","Rusher",951,"Chris Wormley",161
"326",44887,"6-1",230,"1994-08-09","Louisiana State","ILB","Duke Riley","Rusher",988,"Duke Riley",36
"327",44888,"6-3",240,"1994-09-22","Florida","ILB","Alex Anzalone","Rusher",973,"Alex Anzalone",224
"328",44892,"6-4",266,"1994-03-18","Ohio","DE","Tarell Basham","Rusher",978,"Tarell Basham",153
"329",44905,"6-4",304,"1995-07-24","Auburn","DE","Montravius Adams","Rusher",999,"Montravius Adams",48
"330",44915,"6-4",270,"1994-12-05","Florida Atlantic","DE","Trey Hendrickson","Rusher",990,"Trey Hendrickson",238
"331",44922,"6-3",316,"1994-07-12","Iowa","DT","Jaleel Johnson","Rusher",980,"Jaleel Johnson",50
"332",44937,"6-0",233,"1995-01-31","Tennessee","OLB","Jalen Reeves-Maybin","Rusher",993,"Jalen Reeves-Maybin",112
"333",44938,"6-3",245,"1995-05-09","Eastern Washington","DE","Samson Ebukam","Rusher",992,"Samson Ebukam",99
"334",44942,"6-6",330,"1995-10-21","Florida","T","David Sharpe","Blocker",1008,"David Sharpe",8
"335",44943,"6-7",325,"1995-01-09","Bucknell","T","Julien Davenport","Blocker",1001,"Julien Davenport",118
"336",44944,"6-5",275,"1994-07-26","Arkansas","DE","Deatrich Wise","Rusher",989,"Deatrich Wise",133
"337",44949,"6-4",284,"1995-03-28","Oregon State","G","Sean Harlow","Blocker",1003,"Sean Harlow",47
"338",44955,"6-3",297,"1993-12-05","Clemson","DE","Carlos Watkins","Rusher",958,"Carlos Watkins",86
"339",44957,"6-4",315,"1993-10-20","Albany State, Ga.","DT","Grover Stewart","Rusher",1016,"Grover Stewart",142
"340",44968,"6-0",226,"1995-02-26","UCLA","ILB","Jayon Brown","Rusher",988,"Jayon Brown",49
"341",44970,"6-7",312,"1993-09-14","Vanderbilt","T","Will Holden","Blocker",1006,"Will Holden",4
"342",44972,"6-4",335,"1994-12-13","Texas A&amp;M","G","Jermaine Eluemunor","Blocker",1013,"Jermaine Eluemunor",168
"343",44974,"6-1",230,"1995-08-08","Northwestern","MLB","Anthony Walker","Rusher",997,"Anthony Walker",141
"344",44976,"6-0",223,"1994-07-28","Boston College","OLB","Matt Milano","Rusher",971,"Matt Milano",166
"345",44991,"6-3",311,"1994-11-11","Louisiana State","NT","Davon Godchaux","Rusher",1019,"Davon Godchaux",120
"346",45006,"6-3",242,"1995-01-27","Oklahoma","OLB","Jordan Evans","Rusher",994,"Jordan Evans",29
"347",45007,"6-3",311,"1994-01-05","Oklahoma State","DT","Vincent Taylor","Rusher",988,"Vincent Taylor",11
"348",45008,"6-1",228,"1994-12-16","Boise State","ILB","Tanner Vallejo","Rusher",998,"Tanner Vallejo",22
"349",45009,"6-4",250,"1995-03-28","Miami","DE","Al-Quadin Muhammad","Rusher",1025,"Al-Quadin Muhammad",187
"350",45011,"6-0",321,"1995-01-19","Mississippi","DT","D.J. Jones","Rusher",960,"D.J. Jones",101
"351",45012,"6-4",312,"1993-08-23","Wyoming","C","Chase Roullier","Blocker",1029,"Chase Roullier",273
"352",45030,"6-4",307,"1994-08-12","Chattanooga","C","Corey Levin","Blocker",945,"Corey Levin",9
"353",45033,"6-3",258,"1994-04-08","Northwestern","DE","Ifeadi Odenigbo","Rusher",1043,"Ifeadi Odenigbo",12
"354",45038,"6-4",280,"1995-04-22","Notre Dame","DE","Isaac Rochell","Rusher",1055,"Isaac Rochell",20
"355",45045,"6-2",229,"1996-02-08","Kansas State","OLB","Elijah Lee","Rusher",1000,"Elijah Lee",21
"356",45056,"6-5",320,"1994-03-04","Baylor","G","Kyle Fuller","Blocker",955,"Kyle Fuller",197
"357",45063,"6-4",270,"1993-11-01","Eastern Michigan","DE","Pat O'Connor","Rusher",1021,"Pat O'Connor",9
"358",45069,"6-5",260,"1994-01-27","San Diego State","G","Daniel Brunskill","Blocker",995,"Daniel Brunskill",219
"359",45203,"6-5",250,"1995-02-18","Louisiana State","DE","Tashawn Bower","Rusher",996,"Tashawn Bower",6
"360",45215,"6-1",230,"1994-09-26","Cincinnati","OLB","Eric Wilson","Rusher",998,"Eric Wilson",145
"361",45223,"6-0",235,"1994-01-05","Illinois","ILB","Hardy Nickerson","Rusher",1000,"Hardy Nickerson",1
"362",45226,"6-3",345,"1994-05-02","Colorado","NT","Josh Tupou","Rusher",963,"Josh Tupou",101
"363",45274,"6-5",300,"1994-04-12","Vanderbilt","DE","Adam Butler","Rusher",983,"Adam Butler",197
"364",45286,"6-2",252,"1992-09-24","Brigham Young","ILB","Harvey Langi","Rusher",1000,"Harvey Langi",9
"365",45346,"6-4",339,"1994-07-15","Southern California","G","Jordan Simmons","Blocker",1004,"Jordan Simmons",3
"366",45414,"6-3",325,"1994-06-08","UCLA","DT","Eli Ankou","Rusher",991,"Eli Ankou",6
"367",45533,"6-0",231,"1994-02-21","Northwestern","ILB","Joseph Jones","Rusher",967,"Joseph Jones",19
"368",45550,"6-6",329,"1995-02-10","Massachusetts","T","Elijah Wilkinson","Blocker",980,"Elijah Wilkinson",59
"369",45630,"6-7",317,"1994-05-16","Toledo","T","Storm Norton","Blocker",999,"Storm Norton",247
"370",46074,"6-4",275,"1996-06-24","North Carolina State","OLB","Bradley Chubb","Rusher",974,"Bradley Chubb",13
"371",46075,"6-5",330,"1996-03-19","Notre Dame","G","Quenton Nelson","Blocker",968,"Quenton Nelson",153
"372",46077,"6-0",230,"1997-04-08","Georgia","ILB","Roquan Smith","Rusher",1029,"Roquan Smith",242
"373",46078,"6-8",315,"1995-01-12","Notre Dame","T","Mike McGlinchey","Blocker",1086,"Mike McGlinchey",219
"374",46081,"6-4",347,"1995-02-05","Washington","NT","Vita Vea","Rusher",981,"Vita Vea",205
"375",46082,"6-3",320,"1997-05-27","Alabama","DT","Daron Payne","Rusher",997,"Daron Payne",234
"376",46083,"6-6",265,"1996-09-04","Texas-San Antonio","DE","Marcus Davenport","Rusher",987,"Marcus Davenport",61
"377",46084,"6-8",325,"1995-10-09","UCLA","T","Kolton Miller","Blocker",1047,"Kolton Miller",264
"378",46085,"6-5",250,"1998-05-02","Virginia Tech","MLB","Tremaine Edmunds","Rusher",975,"Tremaine Edmunds",223
"379",46088,"6-4",256,"1996-02-08","Boise State","OLB","Leighton Vander Esch","Rusher",990,"Leighton Vander Esch",112
"380",46089,"6-5",311,"1996-05-17","Arkansas","C","Frank Ragnow","Blocker",1049,"Frank Ragnow",136
"381",46090,"6-4",312,"1994-10-11","Ohio State","C","Billy Price","Blocker",1059,"Billy Price",259
"382",46091,"6-2",234,"1995-11-08","Alabama","ILB","Rashaan Evans","Rusher",996,"Rashaan Evans",142
"383",46092,"6-2",310,"1995-12-09","Georgia","T","Isaiah Wynn","Blocker",991,"Isaiah Wynn",237
"384",46098,"6-4",291,"1996-03-11","Florida","DT","Taven Bryan","Rusher",1005,"Taven Bryan",41
"385",46102,"6-4",305,"1995-09-05","Nevada","G","Austin Corbett","Blocker",994,"Austin Corbett",249
"386",46103,"6-2",327,"1995-09-02","Texas-El Paso","G","Will Hernandez","Blocker",962,"Will Hernandez",299
"387",46105,"6-2",230,"1995-07-27","South Carolina State","MLB","Shaquille Leonard","Rusher",984,"Shaquille Leonard",263
"388",46106,"6-6",315,"1996-03-25","Auburn","T","Braden Smith","Blocker",979,"Braden Smith",88
"389",46108,"6-3",305,"1997-09-13","Iowa","G","James Daniels","Blocker",1082,"James Daniels",248
"390",46110,"6-2",250,"1996-06-05","Boston College","OLB","Harold Landry","Rusher",890,"Harold Landry",285
"391",46117,"6-2",251,"1996-12-28","Southern California","OLB","Uchenna Nwosu","Rusher",1013,"Uchenna Nwosu",141
"392",46119,"6-5",298,"1997-05-12","Texas","G","Connor Williams","Blocker",1034,"Connor Williams",261
"393",46121,"6-5",248,"1995-07-11","Rutgers","DE","Kemoko Turay","Rusher",962,"Kemoko Turay",69
"394",46131,"6-7",297,"1995-09-15","Pittsburgh","T","Brian O'Neill","Blocker",1047,"Brian O'Neill",254
"395",46133,"6-3",277,"1995-01-30","Ohio State","DE","Tyquan Lewis","Rusher",889,"Tyquan Lewis",183
"396",46134,"6-8",320,"1995-10-21","North Carolina A&amp;T","T","Brandon Parker","Blocker",994,"Brandon Parker",104
"397",46135,"6-5",250,"1995-12-10","Georgia","OLB","Lorenzo Carter","Rusher",941,"Lorenzo Carter",161
"398",46138,"6-3",311,"1995-04-20","North Carolina State","DT","B.J. Hill","Rusher",1005,"B.J. Hill",136
"399",46139,"6-3",236,"1996-11-19","Brigham Young","MLB","Fred Warner","Rusher",982,"Fred Warner",217
"400",46141,"6-4",315,"1993-10-09","Fort Hays State","DT","Nathan Shepherd","Rusher",976,"Nathan Shepherd",72
"401",46142,"6-2",225,"1996-12-25","Ohio State","ILB","Jerome Baker","Rusher",983,"Jerome Baker",229
"402",46143,"6-6",315,"1996-09-10","Louisville","T","Geron Christian","Blocker",1009,"Geron Christian",138
"403",46144,"6-1",310,"1996-05-09","Florida State","DT","Derrick Nnadi","Rusher",912,"Derrick Nnadi",92
"404",46146,"6-5",265,"1995-06-29","Ohio State","DE","Sam Hubbard","Rusher",936,"Sam Hubbard",256
"405",46148,"6-4",279,"1997-05-15","Southern California","DE","Rasheem Green","Rusher",971,"Rasheem Green",211
"406",46152,"6-8",345,"1996-05-02","Oklahoma","T","Orlando Brown","Blocker",1110,"Orlando Brown",339
"407",46153,"6-3",309,"1996-08-28","North Carolina State","DT","Justin Jones","Rusher",981,"Justin Jones",36
"408",46156,"6-5",240,"1996-05-03","Louisiana State","DE","Arden Key","Rusher",980,"Arden Key",68
"409",46157,"6-3",233,"1995-03-21","Vanderbilt","ILB","Oren Burks","Rusher",992,"Oren Burks",68
"410",46158,"6-5",321,"1995-06-19","Texas Christian","T","Joseph Noteboom","Blocker",974,"Joseph Noteboom",34
"411",46161,"6-6",320,"1997-08-08","Western Michigan","T","Chukwuma Okorafor","Blocker",999,"Chukwuma Okorafor",173
"412",46163,"6-6",305,"1995-01-27","Humboldt State","G","Alex Cappa","Blocker",1038,"Alex Cappa",309
"413",46165,"6-3",307,"1996-01-25","Stanford","DT","Harrison Phillips","Rusher",975,"Harrison Phillips",43
"414",46166,"6-5",292,"1996-03-28","Michigan","C","Mason Cole","Blocker",1001,"Mason Cole",1
"415",46169,"6-1",220,"1994-09-04","Clemson","OLB","Dorian O'Daniel","Rusher",996,"Dorian O'Daniel",2
"416",46171,"6-5",283,"1996-01-25","Ohio State","DE","Jalyn Holmes","Rusher",992,"Jalyn Holmes",6
"417",46175,"6-1",236,"1994-12-25","Iowa","ILB","Josey Jewell","Rusher",998,"Josey Jewell",52
"418",46180,"6-2",302,"1995-10-11","Michigan State","C","Brian Allen","Blocker",992,"Brian Allen",249
"419",46183,"6-3",297,"1995-11-14","Alabama","DE","Da'Shawn Hand","Rusher",992,"Da'Shawn Hand",4
"420",46185,"6-4",255,"1997-06-10","Kansas","DE","Dorance Armstrong","Rusher",1008,"Dorance Armstrong",57
"421",46188,"6-2",216,"1996-03-24","West Virginia","ILB","Kyzir White","Rusher",1019,"Kyzir White",165
"422",46191,"6-1",235,"1994-11-15","UCLA","ILB","Kenny Young","Rusher",968,"Kenny Young",231
"423",46197,"6-2",287,"1996-05-08","North Carolina State","DE","Kentavius Street","Rusher",944,"Kentavius Street",79
"424",46198,"6-6",303,"1996-01-04","North Carolina State","T","Will Richardson","Blocker",991,"Will Richardson",29
"425",46199,"6-5",253,"1997-03-29","Florida State","DE","Josh Sweat","Rusher",932,"Josh Sweat",167
"426",46204,"6-4",288,"1996-09-26","Stephen F. Austin","DE","John Franklin-Myers","Rusher",896,"John Franklin-Myers",169
"427",46205,"6-2",235,"1993-12-16","Mississippi","DE","Marquis Haynes","Rusher",956,"Marquis Haynes",38
"428",46209,"6-2",291,"1995-05-09","Michigan","DT","Maurice Hurst","Rusher",994,"Maurice Hurst",10
"429",46212,"6-2",255,"1996-08-24","Purdue","ILB","Ja'Whaun Bentley","Rusher",967,"Ja'Whaun Bentley",131
"430",46214,"6-3",313,"1996-09-14","Delaware","DE","Bilal Nichols","Rusher",890,"Bilal Nichols",153
"431",46216,"6-0",244,"1995-01-25","Virginia","ILB","Micah Kiser","Rusher",1000,"Micah Kiser",11
"432",46219,"6-0",250,"1995-04-26","Memphis","OLB","Genard Avery","Rusher",1034,"Genard Avery",78
"433",46229,"6-1",253,"1995-04-24","Oklahoma","OLB","Ogbonnia Okoronkwo","Rusher",999,"Ogbonnia Okoronkwo",71
"434",46230,"6-0",225,"1995-01-14","Maryland","MLB","Jermaine Carter","Rusher",975,"Jermaine Carter",208
"435",46232,"6-3",308,"1997-07-11","Virginia Tech","DT","Tim Settle","Rusher",1079,"Tim Settle",47
"436",46235,"6-4",315,"1994-11-21","Virginia Tech","G","Wyatt Teller","Blocker",1003,"Wyatt Teller",249
"437",46237,"6-4",293,"1996-06-04","Ohio State","T","Jamarco Jones","Blocker",971,"Jamarco Jones",66
"438",46249,"6-4",318,"1995-03-04","Connecticut","DT","Folorunso Fatukasi","Rusher",1012,"Folorunso Fatukasi",121
"439",46250,"6-3",260,"1994-10-11","Utah","OLB","Kylie Fitts","Rusher",979,"Kylie Fitts",14
"440",46253,"6-0",208,"1994-06-09","Florida","OLB","Marcell Harris","Rusher",1000,"Marcell Harris",53
"441",46255,"6-2",242,"1995-12-11","Temple","DE","Jacob Martin","Rusher",911,"Jacob Martin",131
"442",46264,"6-4",310,"1995-03-21","Rutgers","NT","Sebastian Joseph","Rusher",983,"Sebastian Joseph",185
"443",46267,"6-3",320,"1997-01-03","Tennessee","G","Reginald McKenzie","Blocker",997,"Reginald McKenzie",4
"444",46269,"6-2",215,"1995-08-02","Yale","ILB","Foyesade Oluokun","Rusher",964,"Foyesade Oluokun",229
"445",46275,"6-7",332,"1994-12-16","Texas Christian","T","Matt Pryor","Blocker",1055,"Matt Pryor",101
"446",46284,"6-5",317,"1994-11-24","Alabama","C","Bradley Bozeman","Blocker",1067,"Bradley Bozeman",253
"447",46300,"6-1",219,"1996-05-10","Texas Christian","ILB","Travin Howard","Rusher",1000,"Travin Howard",10
"448",46302,"6-8",344,"1997-03-31","No College","T","Jordan Mailata","Blocker",1079,"Jordan Mailata",171
"449",46304,"6-0",236,"1996-07-02","Syracuse","OLB","Zaire Franklin","Rusher",996,"Zaire Franklin",30
"450",46307,"6-6",290,"1995-09-07","Ferris State","DT","Zach Sieler","Rusher",988,"Zach Sieler",91
"451",46313,"6-4",265,"1994-12-23","Southern Methodist","OLB","Justin Lawler","Rusher",994,"Justin Lawler",7
"452",46314,"6-5",311,"1995-12-10","Louisiana State","C","Will Clapp","Blocker",989,"Will Clapp",12
"453",46323,"6-6",305,"1995-05-17","Cincinnati","T","Korey Cunningham","Blocker",978,"Korey Cunningham",7
"454",46376,"6-5",285,"1995-07-28","Washington","G","Coleman Shelton","Blocker",1002,"Coleman Shelton",2
"455",46387,"6-3",295,"1995-05-23","Tennessee","DT","Kendal Vickers","Rusher",980,"Kendal Vickers",12
"456",46404,"6-2",295,"1994-09-01","Alabama","C","J.C. Hassenauer","Blocker",1012,"J.C. Hassenauer",10
"457",46416,"6-2",285,"1996-07-25","UCLA","OLB","Jacob Tuioti-Mariner","Rusher",1021,"Jacob Tuioti-Mariner",39
"458",46438,"6-3",315,"1994-11-04","Northwestern","NT","Tyler Lancaster","Rusher",940,"Tyler Lancaster",47
"459",46457,"6-1",248,"1997-09-12","Toledo","OLB","Olasunkanmi Adeniyi","Rusher",1007,"Olasunkanmi Adeniyi",93
"460",46487,"5-11",310,"1995-11-19","Texas","NT","Poona Ford","Rusher",1079,"Poona Ford",163
"461",46504,"6-3",300,"1994-01-13","Washington State","DT","Daniel Ekuale","Rusher",969,"Daniel Ekuale",25
"462",46521,"6-2",233,"1995-07-27","Iowa","ILB","Ben Niemann","Rusher",996,"Ben Niemann",181
"463",46527,"6-3",235,"1996-09-19","Washington State","OLB","Frankie Luvu","Rusher",1016,"Frankie Luvu",63
"464",46543,"6-4",280,"1995-09-19","Oregon","DE","Henry Mondeaux","Rusher",1034,"Henry Mondeaux",33
"465",46618,"6-2",305,"1995-08-18","South Carolina","DT","Taylor Stallworth","Rusher",980,"Taylor Stallworth",41
"466",46629,"6-5",307,"1995-11-27","Nebraska","C","Nick Gates","Blocker",973,"Nick Gates",46
"467",46657,"6-0",232,"1994-08-09","Sioux Falls","OLB","Dennis Gardeck","Rusher",946,"Dennis Gardeck",40
"468",46674,"6-2",214,"1996-06-09","Washington","ILB","Ezekiel Turner","Rusher",1000,"Ezekiel Turner",4
"469",46679,"6-2",302,"1996-09-16","Southern Methodist","C","Evan Brown","Blocker",1121,"Evan Brown",190
"470",46689,"6-6",318,"1994-10-05","Iowa","G","Ike Boettger","Blocker",1036,"Ike Boettger",62
"471",46755,"6-5",320,"1994-01-25","Grambling","T","Trenton Scott","Blocker",960,"Trenton Scott",43
"472",46772,"6-2",255,"1995-09-17","Miami","OLB","Trent Harris","Rusher",997,"Trent Harris",5
"473",46786,"6-4",275,"07/16/1995","Old Dominion","DE","Bunmi Rotimi","Rusher",999,"Bunmi Rotimi",2
"474",46796,"6-4",272,"1995-12-30","Buffalo","DE","Demone Harris","Rusher",1022,"Demone Harris",7
"475",46843,"6-4",250,"1995-10-01","Temple","OLB","Sharif Finch","Rusher",997,"Sharif Finch",4
"476",46852,"6-3",312,"1994-02-18","James Madison","G","Aaron Stinnie","Blocker",1001,"Aaron Stinnie",3
"477",46902,"6-1",229,"1995-12-14","Western Michigan","OLB","Robert Spillane","Rusher",1028,"Robert Spillane",60
"478",46958,"6-2",230,"1995-07-23","North Dakota State","MLB","Chris Board","Rusher",997,"Chris Board",103
"479",47016,"6-2",255,"1991-12-24","Tennessee","ILB","A.J. Johnson","Rusher",1022,"A.J. Johnson",176
"480",47785,"6-4",266,"1997-10-23","Ohio State","DE","Nick Bosa","Rusher",1050,"Nick Bosa",171
"481",47786,"6-3",303,"1997-12-21","Alabama","NT","Quinnen Williams","Rusher",1005,"Quinnen Williams",155
"482",47787,"6-4",265,"1997-05-17","Clemson","DE","Clelin Ferrell","Rusher",959,"Clelin Ferrell",53
"483",47788,"6-0",237,"1998-02-17","Louisiana State","ILB","Devin White","Rusher",961,"Devin White",319
"484",47790,"6-5",262,"1997-07-13","Kentucky","OLB","Josh Allen","Rusher",1046,"Josh Allen",191
"485",47792,"6-1",287,"1997-12-12","Houston","DT","Ed Oliver","Rusher",1026,"Ed Oliver",145
"486",47793,"5-11",233,"1998-07-18","Michigan","ILB","Devin Bush","Rusher",996,"Devin Bush",142
"487",47794,"6-4",305,"1997-11-17","Alabama","T","Jonah Williams","Blocker",962,"Jonah Williams",258
"488",47795,"6-5",277,"1997-12-03","Michigan","OLB","Rashan Gary","Rusher",995,"Rashan Gary",202
"489",47796,"6-4",315,"1995-12-20","Clemson","DT","Christian Wilkins","Rusher",1024,"Christian Wilkins",158
"490",47797,"6-4",307,"1997-02-08","Boston College","G","Chris Lindstrom","Blocker",1035,"Chris Lindstrom",289
"491",47799,"6-5",250,"1998-04-23","Florida State","DE","Brian Burns","Rusher",950,"Brian Burns",225
"492",47800,"6-4",342,"1997-11-12","Clemson","DE","Dexter Lawrence","Rusher",1003,"Dexter Lawrence",177
"493",47801,"6-3",305,"1995-06-20","North Carolina State","C","Garrett Bradbury","Blocker",1055,"Garrett Bradbury",254
"494",47802,"6-4",300,"1997-07-28","Mississippi State","DT","Jeffery Simmons","Rusher",1133,"Jeffery Simmons",269
"495",47805,"6-5",315,"1995-10-03","Washington State","T","Andre Dillard","Blocker",1120,"Andre Dillard",161
"496",47806,"6-5",322,"1996-05-23","Alabama State","T","Tytus Howard","Blocker",903,"Tytus Howard",251
"497",47809,"6-6",262,"1996-09-04","Mississippi State","DE","Montez Sweat","Rusher",915,"Montez Sweat",229
"498",47811,"6-6",295,"1996-10-08","Notre Dame","DT","Jerry Tillery","Rusher",951,"Jerry Tillery",189
"499",47812,"6-2",291,"1995-09-12","Texas Christian","DE","L.J. Collier","Rusher",969,"L.J. Collier",19
"500",47814,"6-6",306,"1995-02-22","Washington","T","Kaleb McGary","Blocker",1022,"Kaleb McGary",251
"501",47818,"6-5",312,"1997-11-25","Florida","T","Jawaan Taylor","Blocker",1015,"Jawaan Taylor",264
"502",47821,"6-3",329,"1996-12-28","Oklahoma","G","Cody Ford","Blocker",991,"Cody Ford",123
"503",47824,"6-5",312,"1995-07-13","Kansas State","G","Dalton Risner","Blocker",1005,"Dalton Risner",245
"504",47826,"6-2",250,"1996-09-28","Hawaii","MLB","Jahlani Tavai","Rusher",1000,"Jahlani Tavai",5
"505",47827,"6-5",310,"1995-12-26","Mississippi State","G","Elgton Jenkins","Blocker",1021,"Elgton Jenkins",133
"506",47831,"6-4",315,"1997-08-27","Texas A&amp;M","C","Erik McCoy","Blocker",1010,"Erik McCoy",81
"507",47832,"6-3",252,"1996-01-19","Texas Christian","DE","Ben Banogu","Rusher",960,"Ben Banogu",41
"508",47838,"6-6",325,"1996-08-10","Northern Illinois","G","Max Scharping","Blocker",972,"Max Scharping",230
"509",47848,"6-4",281,"1997-08-20","Boston College","DE","Zach Allen","Rusher",952,"Zach Allen",119
"510",47854,"6-3",281,"1997-01-05","Ohio State","DE","Dre'Mont Jones","Rusher",1041,"Dre'Mont Jones",193
"511",47855,"6-2",245,"1996-05-21","North Carolina State","OLB","Germaine Pratt","Rusher",986,"Germaine Pratt",123
"512",47860,"6-3",251,"1995-04-19","Michigan","DE","Chase Winovich","Rusher",983,"Chase Winovich",46
"513",47861,"6-6",310,"1996-09-03","Wisconsin","C","Michael Deiter","Blocker",1008,"Michael Deiter",116
"514",47863,"6-1",238,"1995-06-08","Brigham Young","OLB","Sione Takitaki","Rusher",995,"Sione Takitaki",38
"515",47865,"6-3",316,"1996-09-23","North Carolina-Charlotte","G","Nate Davis","Blocker",1039,"Nate Davis",264
"516",47867,"6-0",324,"1996-08-09","Western Illinois","DT","Khalen Saunders","Rusher",954,"Khalen Saunders",63
"517",47868,"6-5",275,"1995-12-14","Louisiana Tech","OLB","Jaylon Ferguson","Rusher",989,"Jaylon Ferguson",6
"518",47871,"6-2",237,"1996-11-13","Utah","MLB","Cody Barton","Rusher",1000,"Cody Barton",20
"519",47872,"6-1",234,"1996-07-29","Stanford","MLB","Bobby Okereke","Rusher",1038,"Bobby Okereke",266
"520",47873,"6-5",308,"1997-11-03","Penn State","G","Connor McGovern","Blocker",1034,"Connor McGovern",60
"521",47874,"6-6",307,"1996-09-05","Sioux Falls","T","Trey Pipkins","Blocker",1004,"Trey Pipkins",6
"522",47875,"6-3",308,"1997-05-25","Southern California","T","Chuma Edoga","Blocker",1015,"Chuma Edoga",32
"523",47878,"6-4",250,"1996-12-07","Old Dominion","OLB","Oshane Ximines","Rusher",1066,"Oshane Ximines",95
"524",47880,"6-4",312,"1997-03-24","Oklahoma","G","Bobby Evans","Blocker",974,"Bobby Evans",2
"525",47881,"5-11",226,"1996-08-28","Murray State","OLB","Quincy Williams","Rusher",992,"Quincy Williams",145
"526",47884,"6-5",310,"1996-02-21","West Virginia","T","Yodny Cajuste","Blocker",1042,"Yodny Cajuste",34
"527",47889,"6-5",255,"1997-08-22","Eastern Michigan","DE","Maxx Crosby","Rusher",1114,"Maxx Crosby",218
"528",47890,"6-7",272,"1997-03-04","Iowa","OLB","Anthony Nelson","Rusher",994,"Anthony Nelson",62
"529",47900,"6-6",261,"1996-11-12","Clemson","OLB","Austin Bryant","Rusher",999,"Austin Bryant",57
"530",47906,"6-4",310,"1996-10-29","Oklahoma","G","Ben Powers","Blocker",1042,"Ben Powers",205
"531",47913,"6-2",234,"1995-08-15","Notre Dame","ILB","Drue Tranquill","Rusher",990,"Drue Tranquill",112
"532",47914,"6-3",316,"1996-05-09","Indiana","G","Wes Martin","Blocker",953,"Wes Martin",43
"533",47917,"6-1",312,"1996-05-06","Washington","NT","Greg Gaines","Rusher",957,"Greg Gaines",120
"534",47919,"6-6",315,"1998-01-25","Ohio State","G","Michael Jordan","Blocker",1025,"Michael Jordan",105
"535",47931,"6-0",225,"1997-05-25","Arkansas","OLB","Dre Greenlaw","Rusher",1000,"Dre Greenlaw",20
"536",47933,"6-3",288,"1996-09-26","Texas A&amp;M","DE","Kingsley Keke","Rusher",965,"Kingsley Keke",141
"537",47934,"6-4",242,"1995-07-01","Wisconsin","OLB","Andrew Van Ginkel","Rusher",997,"Andrew Van Ginkel",154
"538",47938,"6-1",240,"1998-02-14","Alabama","OLB","Mack Wilson","Rusher",999,"Mack Wilson",44
"539",47939,"6-5",248,"1996-01-15","Oregon","OLB","Justin Hollins","Rusher",999,"Justin Hollins",88
"540",47940,"6-1",235,"1996-05-10","Minnesota","ILB","Blake Cashman","Rusher",999,"Blake Cashman",18
"541",47944,"6-5",280,"1997-08-20","Texas","DE","Charles Omenihu","Rusher",1116,"Charles Omenihu",100
"542",47947,"6-4",230,"1995-06-01","Tarleton State","OLB","E.J. Speed","Rusher",997,"E.J. Speed",14
"543",47948,"6-4",275,"1996-12-20","Miami","DE","Joe Jackson","Rusher",967,"Joe Jackson",48
"544",47952,"6-6",308,"1997-03-20","Wisconsin","G","David Edwards","Blocker",1022,"David Edwards",251
"545",47956,"6-1",240,"1996-07-30","North Carolina","OLB","Cole Holcomb","Rusher",1068,"Cole Holcomb",300
"546",47971,"5-11",224,"1996-10-12","West Virginia","ILB","David Long","Rusher",974,"David Long",286
"547",47973,"6-5",295,"1996-07-22","Arkansas","NT","Armon Watts","Rusher",968,"Armon Watts",90
"548",47975,"6-3",295,"1996-08-24","Alabama","DE","Isaiah Buggs","Rusher",1056,"Isaiah Buggs",54
"549",47976,"6-5",323,"1997-02-14","Elon","T","Olisaemeka Udoh","Blocker",948,"Olisaemeka Udoh",254
"550",47985,"6-7",305,"1997-07-29","Ohio State","T","Isaiah Prince","Blocker",1005,"Isaiah Prince",5
"551",47995,"6-6",324,"1996-08-07","South Carolina","G","Dennis Daley","Blocker",918,"Dennis Daley",176
"552",48008,"6-6",253,"1997-04-04","North Carolina A&amp;T","DE","Darryl Johnson","Rusher",991,"Darryl Johnson",6
"553",48009,"6-1",240,"1995-12-31","Texas Christian","ILB","Ty Summers","Rusher",1000,"Ty Summers",10
"554",48027,"6-3",240,"1995-06-10","Idaho","OLB","Kaden Elliss","Rusher",1003,"Kaden Elliss",61
"555",48032,"6-3",284,"1996-05-05","Temple","DE","Michael Dogbe","Rusher",1022,"Michael Dogbe",55
"556",48034,"6-1",232,"1995-11-02","Texas Tech","OLB","Dakota Allen","Rusher",995,"Dakota Allen",19
"557",48085,"6-7",326,"1997-06-05","Florida","T","Fred Johnson","Blocker",1003,"Fred Johnson",3
"558",48089,"6-2",235,"1996-08-05","Nevada","OLB","Malik Reed","Rusher",898,"Malik Reed",223
"559",48094,"6-5",300,"1996-03-25","Texas","T","Calvin Anderson","Blocker",1019,"Calvin Anderson",10
"560",48117,"6-2",209,"1996-09-04","Arizona","MLB","Demetrius Flannigan-Fowles","Rusher",998,"Demetrius Flannigan-Fowles",41
"561",48123,"6-1",285,"1997-03-01","Penn State","DT","Kevin Givens","Rusher",1086,"Kevin Givens",39
"562",48145,"6-3",255,"1996-10-24","Boston College","DE","Wyatt Ray","Rusher",958,"Wyatt Ray",68
"563",48158,"6-5",314,"1995-09-08","Notre Dame","G","Alex Bars","Blocker",952,"Alex Bars",32
"564",48159,"6-2",311,"1996-08-13","Notre Dame","C","Sam Mustipher","Blocker",1027,"Sam Mustipher",248
"565",48181,"6-7",314,"1996-01-02","Virginia Tech","T","Yosuah Nijman","Blocker",1015,"Yosuah Nijman",93
"566",48198,"6-3",366,"1995-10-20","Michigan","NT","Bryan Mone","Rusher",983,"Bryan Mone",73
"567",48220,"6-4",308,"1997-08-13","California","G","Patrick Mekari","Blocker",1035,"Patrick Mekari",198
"568",48235,"6-4",300,"1997-05-02","UCLA","C","Andre James","Blocker",973,"Andre James",264
"569",48247,"6-6",255,"1997-08-11","Old Dominion","DE","Tim Ward","Rusher",1077,"Tim Ward",40
"570",48268,"6-2",228,"1997-08-04","Florida Atlantic","MLB","Azeez Al-Shaair","Rusher",976,"Azeez Al-Shaair",168
"571",48364,"6-2",230,"1996-10-09","Illinois","OLB","Del'Shawn Phillips","Rusher",998,"Del'Shawn Phillips",45
"572",48455,"6-7",299,"1995-12-19","Iowa","T","Matt Nelson","Blocker",906,"Matt Nelson",328
"573",48462,"6-4",285,"1996-08-05","Texas-San Antonio","DE","Kevin Strong","Rusher",1012,"Kevin Strong",14
"574",48473,"6-4",280,"1997-09-12","Georgia","DE","Jonathan Ledbetter","Rusher",992,"Jonathan Ledbetter",5
"575",48482,"6-0",237,"1998-06-25","Texas A&amp;M","MLB","Tyrel Dodson","Rusher",1000,"Tyrel Dodson",14
"576",48485,"6-5",310,"1996-01-11","Northwestern","G","Blake Hance","Blocker",867,"Blake Hance",124
"577",48512,"6-4",300,"1997-02-14","Penn State","C","Ryan Bates","Blocker",970,"Ryan Bates",5
"578",48513,"6-4",334,"1998-07-10","Stanford","G","Nate Herbig","Blocker",1015,"Nate Herbig",72
"579",48516,"6-1",240,"1996-08-12","Wisconsin","ILB","T.J. Edwards","Rusher",1000,"T.J. Edwards",73
"580",48520,"6-5",350,"1996-09-01","Alabama-Birmingham","DT","Anthony Rush","Rusher",996,"Anthony Rush",3
"581",48537,"6-5",261,"1996-12-18","Wyoming","DE","Carl Granderson","Rusher",1011,"Carl Granderson",99
"582",48544,"6-3",300,"1995-10-20","Tennessee","DT","Shy Tuttle","Rusher",905,"Shy Tuttle",95
"583",48554,"6-1",225,"1996-11-16","Michigan State","OLB","Andrew Dowell","Rusher",998,"Andrew Dowell",4
"584",48555,"6-3",245,"1995-08-28","Nebraska","OLB","Luke Gifford","Rusher",1000,"Luke Gifford",2
"585",48566,"6-3",279,"01/16/1996","Kansas","DE","Daniel Wise","Rusher",995,"Daniel Wise",2
"586",48599,"6-3",305,"1997-06-27","Clemson","DT","Albert Huggins","Rusher",954,"Albert Huggins",47
"587",48663,"6-4",280,"1998-02-06","Oklahoma","DE","Amani Bledsoe","Rusher",1012,"Amani Bledsoe",37
"588",48671,"6-3",250,"1995-11-15","Sam Houston State","OLB","Derick Roberson","Rusher",998,"Derick Roberson",2
"589",48685,"6-1",235,"1997-08-13","Citadel","OLB","Noah Dawkins","Rusher",1000,"Noah Dawkins",4
"590",48780,"6-3",245,"1994-09-13","Delaware","ILB","Troy Reeder","Rusher",1012,"Troy Reeder",155
"591",52410,"6-5",265,"1999-04-14","Ohio State","DE","Chase Young","Rusher",1051,"Chase Young",266
"592",52412,"6-5",326,"1999-01-22","Georgia","T","Andrew Thomas","Blocker",1056,"Andrew Thomas",166
"593",52415,"6-5",318,"1998-04-15","Auburn","DT","Derrick Brown","Rusher",970,"Derrick Brown",159
"594",52416,"6-3",225,"1998-07-26","Clemson","ILB","Isaiah Simmons","Rusher",978,"Isaiah Simmons",241
"595",52418,"6-5",320,"1999-05-17","Alabama","T","Jedrick Wills","Blocker",981,"Jedrick Wills",149
"596",52419,"6-7",355,"1999-04-18","Louisville","T","Mekhi Becton","Blocker",1045,"Mekhi Becton",27
"597",52421,"6-5",322,"1999-01-24","Iowa","T","Tristan Wirfs","Blocker",1136,"Tristan Wirfs",309
"598",52422,"6-6",310,"1997-10-03","South Carolina","DT","Javon Kinlaw","Rusher",1003,"Javon Kinlaw",70
"599",52426,"6-6",310,"1999-08-11","Southern California","T","Austin Jackson","Blocker",976,"Austin Jackson",290
"600",52428,"6-4",250,"1999-07-25","Louisiana State","OLB","K'Lavon Chaisson","Rusher",921,"K'Lavon Chaisson",87
"601",52431,"6-3",234,"1998-11-16","Oklahoma","ILB","Kenneth Murray","Rusher",991,"Kenneth Murray",65
"602",52432,"6-3",319,"1999-06-14","Michigan","G","Cesar Ruiz","Blocker",977,"Cesar Ruiz",203
"603",52435,"6-1",245,"1997-10-21","Texas Tech","OLB","Jordyn Brooks","Rusher",979,"Jordyn Brooks",216
"604",52436,"6-1",227,"1999-08-13","Louisiana State","MLB","Patrick Queen","Rusher",987,"Patrick Queen",181
"605",52446,"6-5",264,"1998-02-26","Penn State","DE","Yetur Gross-Matos","Rusher",1057,"Yetur Gross-Matos",56
"606",52447,"6-5",322,"1996-08-25","Louisiana-Lafayette","G","Robert Hunt","Blocker",1055,"Robert Hunt",309
"607",52448,"6-4",305,"1998-07-09","Texas Christian","DT","Ross Blacklock","Rusher",982,"Ross Blacklock",69
"608",52455,"6-3",279,"1998-05-11","Auburn","DT","Marlon Davidson","Rusher",983,"Marlon Davidson",58
"609",52456,"6-3",253,"1997-03-24","Tennessee","DE","Darrell Taylor","Rusher",941,"Darrell Taylor",121
"610",52462,"6-5",280,"1998-09-15","Iowa","DE","A.J. Epenesa","Rusher",951,"A.J. Epenesa",94
"611",52464,"6-7",310,NA,"Alabama","NT","Raekwon Davis","Rusher",970,"Raekwon Davis",55
"612",52466,"6-6",310,"1998-05-08","Boise State","G","Ezra Cleveland","Blocker",882,"Ezra Cleveland",254
"613",52468,"6-2",250,"1998-09-18","Michigan","OLB","Josh Uche","Rusher",1011,"Josh Uche",141
"614",52471,"6-2",235,"1998-02-15","Mississippi State","OLB","Willie Gay","Rusher",1017,"Willie Gay",50
"615",52473,"6-2",250,"1996-07-08","Wyoming","ILB","Logan Wilson","Rusher",966,"Logan Wilson",281
"616",52475,"6-5",241,"1997-12-27","Notre Dame","OLB","Julian Okwara","Rusher",1087,"Julian Okwara",79
"617",52477,"6-3",332,"1997-03-21","Louisiana State","G","Damien Lewis","Blocker",962,"Damien Lewis",188
"618",52479,"6-3",300,"1997-11-17","Texas A&amp;M","DT","Justin Madubuike","Rusher",964,"Justin Madubuike",90
"619",52480,"6-7",310,"1997-06-22","Houston","G","Josh Jones","Blocker",991,"Josh Jones",228
"620",52481,"6-4",310,"1997-02-01","Ohio State","DT","Davon Hamilton","Rusher",961,"Davon Hamilton",62
"621",52482,"6-3",235,"1996-12-30","Wisconsin","OLB","Zack Baun","Rusher",991,"Zack Baun",43
"622",52483,"6-4",305,"1997-02-05","Ohio State","G","Jonah Jackson","Blocker",937,"Jonah Jackson",328
"623",52486,"6-4",290,"1997-11-17","Temple","C","Matt Hennessy","Blocker",916,"Matt Hennessy",289
"624",52487,"6-3",264,"1997-08-14","Florida","DE","Jabari Zuniga","Rusher",1011,"Jabari Zuniga",10
"625",52491,"6-4",315,"1997-11-22","Louisiana State","C","Lloyd Cushenberry","Blocker",1094,"Lloyd Cushenberry",292
"626",52492,"6-5",252,"1998-08-25","Alabama","OLB","Terrell Lewis","Rusher",962,"Terrell Lewis",172
"627",52496,"6-4",315,"1997-11-23","Missouri","DT","Jordan Elliott","Rusher",977,"Jordan Elliott",81
"628",52498,"6-3",259,"1997-05-25","Florida","DE","Jonathan Greenard","Rusher",1043,"Jonathan Greenard",85
"629",52503,"6-3",300,"1997-09-25","Arkansas","DE","McTelvin Agim","Rusher",973,"McTelvin Agim",21
"630",52504,"6-7",328,NA,NA,"T","Lucas Niang","Blocker",1119,"Lucas Niang",232
"631",52506,"6-3",245,"1998-03-05","Ohio State","OLB","Malik Harrison","Rusher",993,"Malik Harrison",88
"632",52507,"6-7",303,"1997-06-11","Connecticut","T","Matt Peart","Blocker",983,"Matt Peart",147
"633",52510,"6-4",242,"1997-08-07","North Carolina-Charlotte","OLB","Alex Highsmith","Rusher",1029,"Alex Highsmith",154
"634",52511,"6-2",225,"1998-08-05","Colorado","OLB","Davion Taylor","Rusher",1000,"Davion Taylor",58
"635",52514,"6-5",345,"1997-01-29","Mississippi State","G","Tyre Phillips","Blocker",950,"Tyre Phillips",54
"636",52515,"6-2",215,"1997-09-21","Appalachian State","ILB","Akeem Davis-Gaither","Rusher",989,"Akeem Davis-Gaither",156
"637",52516,"6-4",295,"1999-07-26","Louisiana State","T","Saahdiq Charles","Blocker",1043,"Saahdiq Charles",39
"638",52517,"6-4",330,"1997-08-19","Clemson","G","John Simpson","Blocker",965,"John Simpson",264
"639",52519,"6-4",335,"1997-07-31","Georgia","G","Solomon Kindley","Blocker",936,"Solomon Kindley",60
"640",52522,"6-5",335,"1998-08-23","Utah","DT","Leki Fotu","Rusher",942,"Leki Fotu",72
"641",52524,"6-6",305,"1998-07-22","St. John's, Minn.","T","Ben Bartch","Blocker",1051,"Ben Bartch",128
"642",52525,"6-5",260,"1997-10-31","South Carolina","DE","D.J. Wonnum","Rusher",944,"D.J. Wonnum",187
"643",52527,"6-3",219,"1997-08-28","Fresno State","ILB","Mykal Walker","Rusher",1024,"Mykal Walker",18
"644",52534,"6-8",315,"1996-11-20","North Carolina","T","Charlie Heck","Blocker",888,"Charlie Heck",136
"645",52538,"6-4",295,"1999-01-20","Baylor","NT","James Lynch","Rusher",1002,"James Lynch",21
"646",52539,"6-2",308,NA,"Louisiana State","NT","Rashard Lawrence","Rusher",938,"Rashard Lawrence",49
"647",52543,"6-4",321,"1996-09-18","Louisiana-Lafayette","G","Kevin Dotson","Blocker",1019,"Kevin Dotson",229
"648",52548,"6-1",235,"1997-10-28","Miami","MLB","Shaquille Quarterman","Rusher",1000,"Shaquille Quarterman",18
"649",52551,"6-4",325,"1998-02-20","Michigan","G","Ben Bredeson","Blocker",968,"Ben Bredeson",99
"650",52553,"6-5",296,"1997-04-01","Auburn","T","Jack Driscoll","Blocker",1096,"Jack Driscoll",151
"651",52554,"6-3",320,"1997-11-20","Wisconsin","C","Tyler Biadasz","Blocker",997,"Tyler Biadasz",261
"652",52555,"6-4",265,"1998-04-28","Notre Dame","DE","Khalid Kareem","Rusher",992,"Khalid Kareem",7
"653",52556,"6-4",260,"1998-06-02","Syracuse","DE","Alton Robinson","Rusher",959,"Alton Robinson",73
"654",52557,"6-4",300,"1996-06-19","Ball State","G","Danny Pinter","Blocker",1000,"Danny Pinter",2
"655",52558,"6-4",317,"1997-05-12","Oregon","G","Shane Lemieux","Blocker",1012,"Shane Lemieux",9
"656",52563,"6-4",268,"1997-06-13","Tulsa","OLB","Trevis Gipson","Rusher",1006,"Trevis Gipson",81
"657",52564,"6-3",310,"1998-07-25","San Diego State","C","Keith Ismael","Blocker",1004,"Keith Ismael",2
"658",52570,"6-0",220,"1997-12-06","Michigan","MLB","Khaleke Hudson","Rusher",1000,"Khaleke Hudson",6
"659",52578,"6-3",305,"1996-12-04","Texas Tech","DT","Broderick Washington","Rusher",977,"Broderick Washington",36
"660",52582,"6-3",291,"1997-04-24","North Carolina State","DT","Larrell Murchison","Rusher",1031,"Larrell Murchison",55
"661",52585,"6-2",255,NA,"Michigan","DE","Michael Danna","Rusher",1015,"Michael Danna",170
"662",52586,"6-3",235,"1996-08-21",NA,"ILB","Justin Strnad","Rusher",969,"Justin Strnad",137
"663",52587,"6-3",265,NA,"Utah","DE","Bradlee Anae","Rusher",953,"Bradlee Anae",30
"664",52589,"6-3",307,"1999-03-27","Fresno State","G","Netane Muti","Blocker",1049,"Netane Muti",86
"665",52590,"6-3",350,"1997-12-10","Michigan","G","Michael Onwenu","Blocker",947,"Michael Onwenu",232
"666",52591,"6-5",233,"1998-04-01","Penn State","OLB","Cam Brown","Rusher",989,"Cam Brown",11
"667",52592,"6-1",333,NA,"Baylor","DT","Bravvion Roy","Rusher",1003,"Bravvion Roy",54
"668",52600,"6-5",321,"1997-08-08","Michigan","G","Jon Runyan","Blocker",1041,"Jon Runyan",198
"669",52602,"6-2",315,"1996-08-22","Nebraska","DT","Khalil Davis","Rusher",992,"Khalil Davis",4
"670",52603,"6-5",290,"1995-11-27","Wake Forest","T","Justin Herron","Blocker",836,"Justin Herron",175
"671",52604,"6-1",230,"1997-04-08","Temple","ILB","Shaun Bradley","Rusher",1000,"Shaun Bradley",17
"672",52605,"6-2",333,"1997-05-31","Utah","NT","John Penisini","Rusher",1007,"John Penisini",39
"673",52623,"6-1",240,"1997-03-07","Purdue","ILB","Markus Bailey","Rusher",1000,"Markus Bailey",20
"674",52626,"6-4",245,NA,"Minnesota","ILB","Carter Coughlin","Rusher",994,"Carter Coughlin",25
"675",52633,"6-4",250,"1997-07-22",NA,"DE","Kenny Willekes","Rusher",979,"Kenny Willekes",12
"676",52635,"6-5",315,NA,NA,"G","Lachavious Simmons","Blocker",983,"Lachavious Simmons",14
"677",52637,"6-3",265,NA,"North Carolina State","DE","James Smith-Williams","Rusher",1010,"James Smith-Williams",82
"678",52640,"6-2",320,"1996-08-22","Nebraska","DT","Carlos Davis","Rusher",987,"Carlos Davis",9
"679",52641,"6-4",247,"1996-08-22","Stanford","DE","Casey Toohill","Rusher",992,"Casey Toohill",31
"680",52642,"6-1",232,"1996-08-08","Baylor","MLB","Clay Johnston","Rusher",1000,"Clay Johnston",18
"681",52643,"6-3",285,NA,NA,"DE","Jashon Cornell","Rusher",1027,"Jashon Cornell",3
"682",52649,"6-1",230,"1997-01-20","Temple","MLB","Chapelle Russell","Rusher",1000,"Chapelle Russell",7
"683",52650,"6-4",250,"1999-07-28","Miami","OLB","Jonathan Garvin","Rusher",974,"Jonathan Garvin",114
"684",52662,"6-5",246,NA,"North Dakota State","OLB","Derrek Tuszka","Rusher",966,"Derrek Tuszka",17
"685",52663,"6-3",235,"1997-03-12","Georgia","ILB","Tae Crowder","Rusher",1012,"Tae Crowder",243
"686",52665,"6-3",290,"1998-06-09","Texas","DT","Malcolm Roach","Rusher",962,"Malcolm Roach",92
"687",52666,"6-5",318,"1996-08-16","Oregon","T","Calvin Throckmorton","Blocker",1004,"Calvin Throckmorton",155
"688",52759,"6-2",305,"1998-06-16","Wagner","DT","Chris Williams","Rusher",985,"Chris Williams",15
"689",52783,"6-7",330,"1998-05-21","Missouri","G","Yasir Durant","Blocker",970,"Yasir Durant",40
"690",52792,"6-4",255,"1998-06-25","Missouri S&amp;T","DT","Tershawn Wharton","Rusher",1009,"Tershawn Wharton",120
"691",52797,"6-2",235,"1998-02-26","Michigan State","OLB","Joe Bachie","Rusher",1000,"Joe Bachie",20
"692",52805,"6-4",275,"1996-09-27","Northwestern","DE","Joe Gaziano","Rusher",1056,"Joe Gaziano",29
"693",52829,"6-2",295,"1996-10-15","Louisiana State","NT","Breiden Fehoko","Rusher",992,"Breiden Fehoko",6
"694",52830,"6-4",270,"1998-01-30","Texas-San Antonio","DT","Eric Banks","Rusher",981,"Eric Banks",12
"695",52835,"6-4",310,"1997-10-05","Brown","DT","Michael Hoecht","Rusher",1028,"Michael Hoecht",63
"696",52846,"6-5",275,"1995-08-17","Weber State","DE","Jonah Williams","Rusher",960,"Jonah Williams",54
"697",52863,"6-1",235,"1998-04-02","UCLA","ILB","Krys Barnes","Rusher",996,"Krys Barnes",74
"698",52886,"6-3",225,"1997-02-14","Baylor","OLB","Blake Lynch","Rusher",999,"Blake Lynch",18
"699",52887,"6-3",296,"1996-06-14","Boise State","DT","David Moa","Rusher",992,"David Moa",5
"700",52894,"6-4",315,"1998-03-23","Missouri","C","Trystan Colon","Blocker",1025,"Trystan Colon",29
"701",52932,"6-3",260,"1998-01-18","North Texas","OLB","Ladarius Hamilton","Rusher",1027,"Ladarius Hamilton",22
"702",52938,"6-6",310,"1997-06-04","Texas Tech","T","Terence Steele","Blocker",950,"Terence Steele",208
"703",52971,"6-3",255,NA,NA,"OLB","Jamir Jones","Rusher",1031,"Jamir Jones",46
"704",52979,"6-3",275,"1997-06-12","Mississippi State","OLB","Chauncey Rivers","Rusher",1027,"Chauncey Rivers",26
"705",53039,"6-4",235,NA,NA,"DE","Azur Kamara","Rusher",979,"Azur Kamara",13
"706",53053,"6-3",255,"1998-04-17","Memphis","DE","Bryce Huff","Rusher",1077,"Bryce Huff",140
"707",53059,"6-3",239,"1998-05-24","Iowa","MLB","Kristian Welch","Rusher",1000,"Kristian Welch",1
"708",53063,"6-3",270,"1997-10-28","Texas State","C","Aaron Brewer","Blocker",937,"Aaron Brewer",45
"709",53073,"6-3",290,"1997-02-28","Florida International","DT","Teair Tart","Rusher",958,"Teair Tart",92
"710",53315,"6-4",245,NA,NA,"OLB","Aaron Patrick","Rusher",1000,"Aaron Patrick",1
"711",53436,"6-6",325,NA,NA,"T","Penei Sewell","Blocker",1006,"Penei Sewell",326
"712",53441,"6-3",245,NA,NA,"OLB","Micah Parsons","Rusher",1016,"Micah Parsons",222
"713",53442,"6-3",305,NA,NA,"T","Rashawn Slater","Blocker",1030,"Rashawn Slater",274
"714",53443,"6-4",310,NA,NA,"G","Alijah Vera-Tucker","Blocker",1061,"Alijah Vera-Tucker",271
"715",53445,"6-4",260,NA,NA,"ILB","Zaven Collins","Rusher",1002,"Zaven Collins",79
"716",53446,"6-5",305,NA,NA,"T","Alex Leatherwood","Blocker",929,"Alex Leatherwood",243
"717",53447,"6-5",266,NA,NA,"OLB","Jaelan Phillips","Rusher",976,"Jaelan Phillips",190
"718",53448,"6-4",234,NA,NA,"MLB","Jamin Davis","Rusher",1015,"Jamin Davis",147
"719",53450,"6-3",265,NA,NA,"DE","Kwity Paye","Rusher",1079,"Kwity Paye",118
"720",53452,"6-5",314,NA,NA,"T","Christian Darrisaw","Blocker",937,"Christian Darrisaw",90
"721",53457,"6-6",270,NA,NA,"DE","Payton Turner","Rusher",1051,"Payton Turner",90
"722",53459,"6-7",253,NA,NA,"DE","Gregory Rousseau","Rusher",959,"Gregory Rousseau",113
"723",53460,"6-5",252,NA,NA,"OLB","Odafe Oweh","Rusher",973,"Odafe Oweh",185
"724",53461,"6-5",262,NA,NA,"OLB","Joe Tryon","Rusher",946,"Joe Tryon",138
"725",53466,"6-6",325,NA,NA,"G","Landon Dickerson","Blocker",1000,"Landon Dickerson",214
"726",53467,"6-5",310,NA,NA,"DT","Christian Barmore","Rusher",1073,"Christian Barmore",185
"727",53470,"6-3",293,NA,NA,"DE","Levi Onwuzurike","Rusher",942,"Levi Onwuzurike",50
"728",53471,"6-6",308,NA,NA,"T","Liam Eichenberg","Blocker",946,"Liam Eichenberg",282
"729",53475,"6-5",345,NA,NA,"G","Jackson Carman","Blocker",948,"Jackson Carman",173
"730",53479,"6-2",250,NA,NA,"OLB","Azeez Ojulari","Rusher",935,"Azeez Ojulari",188
"731",53480,"6-5",295,NA,NA,"T","Samuel Cosmi","Blocker",1065,"Samuel Cosmi",148
"732",53481,"6-1",215,NA,NA,"OLB","Jeremiah Owusu-Koramoah","Rusher",981,"Jeremiah Owusu-Koramoah",117
"733",53482,"6-6",299,NA,NA,"T","Dillon Radunz","Blocker",1014,"Dillon Radunz",17
"734",53483,"6-6",280,NA,NA,"DE","Dayo Odeyingbo","Rusher",1017,"Dayo Odeyingbo",12
"735",53487,"6-0",232,NA,NA,"ILB","Nick Bolton","Rusher",990,"Nick Bolton",158
"736",53489,"6-3",242,NA,NA,"OLB","Pete Werner","Rusher",990,"Pete Werner",128
"737",53490,"6-4",273,NA,NA,"DE","Carlos Basham","Rusher",962,"Carlos Basham",32
"738",53491,"6-5",312,NA,NA,"C","Josh Myers","Blocker",1034,"Josh Myers",115
"739",53492,"6-5",316,NA,NA,"C","Creed Humphrey","Blocker",1053,"Creed Humphrey",339
"740",53497,"6-5",320,NA,NA,"G","Jalen Mayfield","Blocker",1030,"Jalen Mayfield",286
"741",53499,"6-6",297,NA,NA,"T","Brady Christensen","Blocker",900,"Brady Christensen",81
"742",53501,"6-2",315,NA,NA,"NT","Alim McNeill","Rusher",939,"Alim McNeill",63
"743",53502,"6-4",278,NA,NA,"DT","Milton Williams","Rusher",931,"Milton Williams",88
"744",53504,"6-2",280,NA,NA,"DT","Osa Odighizuwa","Rusher",985,"Osa Odighizuwa",176
"745",53509,"6-3",223,NA,NA,"OLB","Divine Deablo","Rusher",1000,"Divine Deablo",18
"746",53513,"6-5",270,NA,NA,"DE","Chauncey Golston","Rusher",1064,"Chauncey Golston",90
"747",53516,"6-3",310,NA,NA,"C","Kendrick Green","Blocker",870,"Kendrick Green",228
"748",53521,"6-1",233,NA,NA,"ILB","Monty Rice","Rusher",1000,"Monty Rice",29
"749",53522,"6-9",321,NA,NA,"T","Spencer Brown","Blocker",923,"Spencer Brown",100
"750",53523,"6-7",344,NA,NA,"G","Ben Cleveland","Blocker",1000,"Ben Cleveland",50
"751",53524,"6-5",295,NA,NA,"T","Robert Hainsey","Blocker",1002,"Robert Hainsey",1
"752",53527,"6-3",320,NA,NA,"G","Quinn Meinerz","Blocker",1043,"Quinn Meinerz",47
"753",53532,"6-2",230,NA,NA,"ILB","Ernest Jones","Rusher",989,"Ernest Jones",67
"754",53534,"6-3",240,NA,NA,"ILB","Baron Browning","Rusher",988,"Baron Browning",42
"755",53535,"6-3",305,NA,NA,"DT","Jay Tufele","Rusher",1060,"Jay Tufele",3
"756",53539,"6-5",310,NA,NA,"T","James Hudson","Blocker",1002,"James Hudson",54
"757",53540,"6-3",280,NA,NA,"DE","Cameron Sample","Rusher",915,"Cameron Sample",137
"758",53542,"6-1",245,NA,NA,"ILB","Derrick Barnes","Rusher",1000,"Derrick Barnes",50
"759",53543,"6-3",300,NA,NA,"C","Drew Dalman","Blocker",1005,"Drew Dalman",3
"760",53544,"6-3",233,NA,NA,"MLB","Jabril Cox","Rusher",1000,"Jabril Cox",2
"761",53546,"6-4",325,NA,NA,"NT","Bobby Brown","Rusher",984,"Bobby Brown",8
"762",53547,"6-4",235,NA,NA,"OLB","Chris Rumph","Rusher",999,"Chris Rumph",28
"763",53557,"6-5",315,NA,NA,"T","Dan Moore","Blocker",849,"Dan Moore",230
"764",53564,"6-5",270,NA,NA,"OLB","Rashad Weaver","Rusher",1024,"Rashad Weaver",5
"765",53571,"6-5",305,NA,NA,"T","Royce Newman","Blocker",994,"Royce Newman",226
"766",53573,"6-7",265,NA,NA,"DE","Joshua Kaindoh","Rusher",1033,"Joshua Kaindoh",24
"767",53575,"6-1",220,NA,NA,"ILB","Jamien Sherwood","Rusher",1029,"Jamien Sherwood",54
"768",53577,"6-4",285,NA,NA,"DE","Ta'Quon Graham","Rusher",994,"Ta'Quon Graham",53
"769",53580,"6-6",332,NA,NA,"T","Larry Borom","Blocker",989,"Larry Borom",46
"770",53584,"6-5",315,NA,NA,"T","Jaylon Moore","Blocker",1042,"Jaylon Moore",44
"771",53585,"6-7",293,NA,NA,"DE","Isaiahh Loudermilk","Rusher",999,"Isaiahh Loudermilk",39
"772",53587,"6-3",305,NA,NA,"DT","Daviyon Nixon","Rusher",965,"Daviyon Nixon",31
"773",53590,"6-8",315,NA,NA,"T","Tommy Doyle","Blocker",1001,"Tommy Doyle",1
"774",53599,"6-2",230,NA,NA,"OLB","Garret Wallow","Rusher",1000,"Garret Wallow",1
"775",53600,"6-3",258,NA,NA,"OLB","Daelin Hayes","Rusher",993,"Daelin Hayes",4
"776",53602,"6-5",340,NA,NA,"DT","Tedarrell Slaton","Rusher",968,"Tedarrell Slaton",24
"777",53605,"6-0",228,NA,NA,"ILB","K.J. Britt","Rusher",1000,"K.J. Britt",5
"778",53611,"6-4",268,NA,NA,"OLB","Adetokunbo Ogundeji","Rusher",982,"Adetokunbo Ogundeji",100
"779",53614,"6-4",235,NA,NA,"ILB","Nick Niemann","Rusher",1000,"Nick Niemann",7
"780",53615,"6-4",215,NA,NA,"ILB","Hamsah Nasirildeen","Rusher",999,"Hamsah Nasirildeen",12
"781",53618,"6-3",305,NA,NA,"DT","Marlon Tuipulotu","Rusher",977,"Marlon Tuipulotu",14
"782",53619,"6-3",330,NA,NA,"C","Trey Hill","Blocker",994,"Trey Hill",26
"783",53620,"6-2",260,NA,NA,"DE","Tarron Jackson","Rusher",967,"Tarron Jackson",42
"784",53621,"6-5",355,NA,NA,"DT","Quinton Bohanna","Rusher",974,"Quinton Bohanna",49
"785",53624,"6-2",318,NA,NA,"DT","Roy Lopez","Rusher",934,"Roy Lopez",89
"786",53635,"6-7",305,NA,NA,"T","Landon Young","Blocker",1001,"Landon Young",1
"787",53636,"6-3",317,NA,NA,"DT","Jonathan Marshall","Rusher",997,"Jonathan Marshall",3
"788",53639,"6-3",265,NA,NA,"OLB","Victor Dimukeje","Rusher",984,"Victor Dimukeje",8
"789",53645,"6-3",232,NA,NA,"OLB","Quincy Roche","Rusher",974,"Quincy Roche",51
"790",53655,"6-6",325,NA,NA,"G","Trey Smith","Blocker",1027,"Trey Smith",339
"791",53663,"6-2",251,NA,NA,"ILB","Patrick Johnson","Rusher",997,"Patrick Johnson",15
"792",53668,"6-4",257,NA,NA,"OLB","Jonathon Cooper","Rusher",956,"Jonathon Cooper",89
"793",53675,"6-3",252,NA,NA,"DE","Shaka Toney","Rusher",1026,"Shaka Toney",6
"794",53679,"6-4",340,NA,NA,"NT","Khyiris Tonga","Rusher",1030,"Khyiris Tonga",24
"795",53681,"6-4",245,NA,NA,"LB","Chris Garrett","Rusher",996,"Chris Garrett",2
"796",53688,"6-1",225,NA,NA,"ILB","Grant Stuard","Rusher",999,"Grant Stuard",5
"797",53740,"6-3",300,NA,NA,"DT","Josiah Bronson","Rusher",1012,"Josiah Bronson",11
"798",53861,"6-5",330,NA,NA,"G","Robert Jones","Blocker",1003,"Robert Jones",3
"799",53868,"6-6",315,NA,NA,"T","Alaric Jackson","Blocker",1006,"Alaric Jackson",2
"800",53876,"6-3",270,NA,NA,"DE","Raymond Johnson","Rusher",959,"Raymond Johnson",29
"801",53900,"6-4",340,NA,NA,"DT","Naquan Jones","Rusher",974,"Naquan Jones",69
"802",53910,"6-2",275,NA,NA,"OLB","Sam Kamara","Rusher",983,"Sam Kamara",20
"803",53921,"6-1",235,NA,NA,"ILB","Amen Ogbongbemiga","Rusher",1000,"Amen Ogbongbemiga",17
"804",53930,"6-3",249,NA,NA,"OLB","Andre Mintze","Rusher",981,"Andre Mintze",18
"805",53933,"6-3",240,NA,NA,"ILB","Curtis Robinson","Rusher",1000,"Curtis Robinson",17
"806",53935,"6-2",245,NA,NA,"DE","Darius Hodge","Rusher",989,"Darius Hodge",6
"807",53954,"6-5",319,NA,NA,"G","Tommy Kraemer","Blocker",1001,"Tommy Kraemer",2
"808",53978,"6-3",295,NA,NA,"DT","Austin Faoliu","Rusher",1012,"Austin Faoliu",11
"809",53991,"6-1",320,NA,NA,"DT","Forrest Merrill","Rusher",998,"Forrest Merrill",3
"810",53994,"6-5",300,NA,NA,"C","Ryan McCollum","Blocker",1002,"Ryan McCollum",2
"811",53999,"6-4",312,NA,NA,"DT","Jack Heflin","Rusher",998,"Jack Heflin",2
"812",54006,"6-6",330,NA,NA,"T","Jake Curhan","Blocker",950,"Jake Curhan",17
